{
  "competition_id":"41",
  "competition_name":"CAMPIONATO MOND.LE PISTA",
  "competition_short_name":"MOTOMONDIALE",
  "edition_id":"865",
  "edition_name":"2003",
  "event_id":13455,
  "event_description":"GP Spagna",
  "date_start":"09-05-2003",
  "date_end":"11-05-2003",
  "items":[
    {
      "sequence":1,
      "event_type":"practice",
      "event_order":"1",
      "event_id":13457,
      "event_description":"PROVE VENERDI' GP SPAGNA",
      "date":"09-05-2003",
      "date_to_print":"09 Mag 2003",
      "time":"00:00",
      "time_local":"00:00",
      "specialty":"MOTOGP",
      "current":"no",
      "status":"ended",
      "status_description":"Disputata",
      "results_file":"13457.json"
    },
    {
      "sequence":2,
      "event_type":"grid",
      "event_order":"1",
      "event_id":13456,
      "event_description":"Griglia",
      "date":"10-05-2003",
      "date_to_print":"10 Mag 2003",
      "time":"00:00",
      "time_local":"00:00",
      "specialty":"MOTOGP",
      "current":"no",
      "status":"ended",
      "status_description":"Disputata",
      "results_file":"13456.json"
    },
    {
      "sequence":3,
      "event_type":"race",
      "event_order":"1",
      "event_id":13455,
      "event_description":"Gara",
      "date":"11-05-2003",
      "date_to_print":"11 Mag 2003",
      "time":"14:00",
      "time_local":"14:00",
      "specialty":"MOTOGP",
      "current":"yes",
      "status":"ended",
      "status_description":"Disputata",
      "results_file":"13455.json"
    }
  ]
}
