{
  "competition_id":"41",
  "competition_name":"CAMPIONATO MOND.LE PISTA",
  "competition_short_name":"MOTOMONDIALE",
  "edition_id":"865",
  "edition_name":"2003",
  "event_id":13485,
  "event_description":"GP Gran Bretagna",
  "date_start":"11-07-2003",
  "date_end":"13-07-2003",
  "items":[
    {
      "sequence":1,
      "event_type":"practice",
      "event_order":"1",
      "event_id":13487,
      "event_description":"PROVE VENERDI' GP GRAN BRETAGN",
      "date":"11-07-2003",
      "date_to_print":"11 Lug 2003",
      "time":"00:00",
      "time_local":"00:00",
      "specialty":"MOTOGP",
      "current":"no",
      "status":"ended",
      "status_description":"Disputata",
      "results_file":"13487.json"
    },
    {
      "sequence":2,
      "event_type":"grid",
      "event_order":"1",
      "event_id":13486,
      "event_description":"Griglia",
      "date":"12-07-2003",
      "date_to_print":"12 Lug 2003",
      "time":"00:00",
      "time_local":"00:00",
      "specialty":"MOTOGP",
      "current":"no",
      "status":"ended",
      "status_description":"Disputata",
      "results_file":"13486.json"
    },
    {
      "sequence":3,
      "event_type":"race",
      "event_order":"1",
      "event_id":13485,
      "event_description":"Gara",
      "date":"13-07-2003",
      "date_to_print":"13 Lug 2003",
      "time":"15:00",
      "time_local":"14:00",
      "specialty":"MOTOGP",
      "current":"yes",
      "status":"ended",
      "status_description":"Disputata",
      "results_file":"13485.json"
    }
  ]
}
