{
  "competition_id":"41",
  "competition_name":"CAMPIONATO MOND.LE PISTA",
  "competition_short_name":"MOTOMONDIALE",
  "edition_id":"911",
  "edition_name":"2004",
  "event_type":"race",
  "event_id":14768,
  "event_description":"Gara",
  "date":"18-04-2004",
  "date_to_print":"18 Apr 2004",
  "time":"14:00",
  "time_local":"14:00",
  "specialty":"MOTOGP",
  "status":"ended",
  "status_description":"Disputata",
  "standing":[
    {
      "position":"1",
      "driver_nbr":"46",
      "driver_id":"511282",
      "driver_label":"Rossi V.",
      "driver_name":"Valentino",
      "driver_surname":"Rossi",
      "driver_team_id":"20487",
      "driver_team":"Yamaha",
      "driver_country_id":"ITA",
      "driver_country":"Italia",
      "retiredstatus":"",
      "retirednote":"",
      "laps":"",
      "time":"43:50:218",
      "gap":"",
      "points":"25",
      "pit_stop":"0"
    },
    {
      "position":"2",
      "driver_nbr":"3",
      "driver_id":"510919",
      "driver_label":"Biaggi M.",
      "driver_name":"Massimiliano",
      "driver_surname":"Biaggi",
      "driver_team_id":"20486",
      "driver_team":"HONDA",
      "driver_country_id":"ITA",
      "driver_country":"Italia",
      "retiredstatus":"",
      "retirednote":"",
      "laps":"",
      "time":"43:50:428",
      "gap":"+0:210",
      "points":"20",
      "pit_stop":"0"
    },
    {
      "position":"3",
      "driver_nbr":"15",
      "driver_id":"511337",
      "driver_label":"Gibernau S.",
      "driver_name":"Sete",
      "driver_surname":"Gibernau",
      "driver_team_id":"20486",
      "driver_team":"HONDA",
      "driver_country_id":"ESP",
      "driver_country":"Spagna",
      "retiredstatus":"",
      "retirednote":"",
      "laps":"",
      "time":"43:57:473",
      "gap":"+7:255",
      "points":"16",
      "pit_stop":"0"
    },
    {
      "position":"4",
      "driver_nbr":"4",
      "driver_id":"510914",
      "driver_label":"Barros A.",
      "driver_name":"Alex",
      "driver_surname":"Barros",
      "driver_team_id":"20486",
      "driver_team":"HONDA",
      "driver_country_id":"BRA",
      "driver_country":"Brasile",
      "retiredstatus":"",
      "retirednote":"",
      "laps":"",
      "time":"44:08:885",
      "gap":"+18:667",
      "points":"13",
      "pit_stop":"0"
    },
    {
      "position":"5",
      "driver_nbr":"69",
      "driver_id":"518556",
      "driver_label":"Hayden N.",
      "driver_name":"Nicky",
      "driver_surname":"Hayden",
      "driver_team_id":"20486",
      "driver_team":"HONDA",
      "driver_country_id":"USA",
      "driver_country":"Stati Uniti",
      "retiredstatus":"",
      "retirednote":"",
      "laps":"",
      "time":"44:14:312",
      "gap":"+24:094",
      "points":"11",
      "pit_stop":"0"
    },
    {
      "position":"6",
      "driver_nbr":"65",
      "driver_id":"510933",
      "driver_label":"Capirossi L.",
      "driver_name":"Loris",
      "driver_surname":"Capirossi",
      "driver_team_id":"20008",
      "driver_team":"Ducati",
      "driver_country_id":"ITA",
      "driver_country":"Italia",
      "retiredstatus":"",
      "retirednote":"",
      "laps":"",
      "time":"44:14:593",
      "gap":"+24:375",
      "points":"10",
      "pit_stop":"0"
    },
    {
      "position":"7",
      "driver_nbr":"45",
      "driver_id":"511440",
      "driver_label":"Edwards C.",
      "driver_name":"Colin",
      "driver_surname":"Edwards",
      "driver_team_id":"20486",
      "driver_team":"HONDA",
      "driver_country_id":"USA",
      "driver_country":"Stati Uniti",
      "retiredstatus":"",
      "retirednote":"",
      "laps":"",
      "time":"44:19:073",
      "gap":"+28:855",
      "points":"9",
      "pit_stop":"0"
    },
    {
      "position":"8",
      "driver_nbr":"6",
      "driver_id":"517718",
      "driver_label":"Tamada M.",
      "driver_name":"Makoto",
      "driver_surname":"Tamada",
      "driver_team_id":"20486",
      "driver_team":"HONDA",
      "driver_country_id":"JPN",
      "driver_country":"Giappone",
      "retiredstatus":"",
      "retirednote":"",
      "laps":"",
      "time":"44:26:753",
      "gap":"+36:535",
      "points":"8",
      "pit_stop":"0"
    },
    {
      "position":"9",
      "driver_nbr":"17",
      "driver_id":"511195",
      "driver_label":"Abe N.",
      "driver_name":"Norick",
      "driver_surname":"Abe",
      "driver_team_id":"20487",
      "driver_team":"Yamaha",
      "driver_country_id":"JPN",
      "driver_country":"Giappone",
      "retiredstatus":"",
      "retirednote":"",
      "laps":"",
      "time":"44:26:861",
      "gap":"+36:643",
      "points":"7",
      "pit_stop":"0"
    },
    {
      "position":"10",
      "driver_nbr":"7",
      "driver_id":"511191",
      "driver_label":"Checa C.",
      "driver_name":"Carlos",
      "driver_surname":"Checa",
      "driver_team_id":"20487",
      "driver_team":"Yamaha",
      "driver_country_id":"ESP",
      "driver_country":"Spagna",
      "retiredstatus":"",
      "retirednote":"",
      "laps":"",
      "time":"44:29:502",
      "gap":"+39:284",
      "points":"6",
      "pit_stop":"0"
    },
    {
      "position":"11",
      "driver_nbr":"33",
      "driver_id":"511664",
      "driver_label":"Melandri M.",
      "driver_name":"Marco",
      "driver_surname":"Melandri",
      "driver_team_id":"20487",
      "driver_team":"Yamaha",
      "driver_country_id":"ITA",
      "driver_country":"Italia",
      "retiredstatus":"",
      "retirednote":"",
      "laps":"",
      "time":"44:34:024",
      "gap":"+43:806",
      "points":"5",
      "pit_stop":"0"
    },
    {
      "position":"12",
      "driver_nbr":"56",
      "driver_id":"512216",
      "driver_label":"Nakano S.",
      "driver_name":"Shinya",
      "driver_surname":"Nakano",
      "driver_team_id":"20206",
      "driver_team":"Kawasaki",
      "driver_country_id":"JPN",
      "driver_country":"Giappone",
      "retiredstatus":"",
      "retirednote":"",
      "laps":"",
      "time":"44:34:138",
      "gap":"+43:920",
      "points":"4",
      "pit_stop":"0"
    },
    {
      "position":"13",
      "driver_nbr":"21",
      "driver_id":"518403",
      "driver_label":"Hopkins J.",
      "driver_name":"John",
      "driver_surname":"Hopkins",
      "driver_team_id":"20488",
      "driver_team":"SUZUKI",
      "driver_country_id":"USA",
      "driver_country":"Stati Uniti",
      "retiredstatus":"",
      "retirednote":"",
      "laps":"",
      "time":"44:46:246",
      "gap":"+56:028",
      "points":"3",
      "pit_stop":"0"
    },
    {
      "position":"14",
      "driver_nbr":"12",
      "driver_id":"515230",
      "driver_label":"Bayliss T.",
      "driver_name":"Troy",
      "driver_surname":"Bayliss",
      "driver_team_id":"20008",
      "driver_team":"Ducati",
      "driver_country_id":"AUS",
      "driver_country":"Australia",
      "retiredstatus":"",
      "retirednote":"",
      "laps":"",
      "time":"44:46:776",
      "gap":"+56:558",
      "points":"2",
      "pit_stop":"0"
    },
    {
      "position":"15",
      "driver_nbr":"67",
      "driver_id":"518532",
      "driver_label":"Byrne S.",
      "driver_name":"Shane",
      "driver_surname":"Byrne",
      "driver_team_id":"20489",
      "driver_team":"Aprilia",
      "driver_country_id":"GBR",
      "driver_country":"Gran Bretagna",
      "retiredstatus":"",
      "retirednote":"",
      "laps":"",
      "time":"45:04:049",
      "gap":"+1:13:831",
      "points":"1",
      "pit_stop":"0"
    },
    {
      "position":"16",
      "driver_nbr":"99",
      "driver_id":"511177",
      "driver_label":"Mc Williams J.",
      "driver_name":"Jeremy",
      "driver_surname":"Mc Williams",
      "driver_team_id":"20489",
      "driver_team":"Aprilia",
      "driver_country_id":"GBR",
      "driver_country":"Gran Bretagna",
      "retiredstatus":"",
      "retirednote":"",
      "laps":"",
      "time":"45:12:424",
      "gap":"+1:22:206",
      "points":"-",
      "pit_stop":"0"
    },
    {
      "position":"17",
      "driver_nbr":"9",
      "driver_id":"511192",
      "driver_label":"Aoki N.",
      "driver_name":"Nobuatsu",
      "driver_surname":"Aoki",
      "driver_team_id":"20710",
      "driver_team":"Proton",
      "driver_country_id":"JPN",
      "driver_country":"Giappone",
      "retiredstatus":"",
      "retirednote":"",
      "laps":"",
      "time":"45:17:151",
      "gap":"+1:26:933",
      "points":"-",
      "pit_stop":"0"
    },
    {
      "position":"18",
      "driver_nbr":"84",
      "driver_id":"518402",
      "driver_label":"Fabrizio M.",
      "driver_name":"Michel",
      "driver_surname":"Fabrizio",
      "driver_team_id":"20834",
      "driver_team":"Harris WCM",
      "driver_country_id":"ITA",
      "driver_country":"Italia",
      "retiredstatus":"",
      "retirednote":"",
      "laps":"",
      "time":"",
      "gap":"3 giri",
      "points":"-",
      "pit_stop":"0"
    },
    {
      "position":"",
      "driver_nbr":"11",
      "driver_id":"515113",
      "driver_label":"Xaus R.",
      "driver_name":"Ruben",
      "driver_surname":"Xaus",
      "driver_team_id":"20008",
      "driver_team":"Ducati",
      "driver_country_id":"ESP",
      "driver_country":"Spagna",
      "retiredstatus":"RITIR",
      "retirednote":"Al giro 4",
      "laps":"4",
      "time":"",
      "gap":"",
      "points":"-",
      "pit_stop":"0"
    },
    {
      "position":"",
      "driver_nbr":"10",
      "driver_id":"511074",
      "driver_label":"Roberts Jr K.",
      "driver_name":"Kenny",
      "driver_surname":"Roberts Jr",
      "driver_team_id":"20488",
      "driver_team":"SUZUKI",
      "driver_country_id":"USA",
      "driver_country":"Stati Uniti",
      "retiredstatus":"RITIR",
      "retirednote":"Al giro 6",
      "laps":"6",
      "time":"",
      "gap":"",
      "points":"-",
      "pit_stop":"0"
    },
    {
      "position":"",
      "driver_nbr":"50",
      "driver_id":"511244",
      "driver_label":"Hodgson N.",
      "driver_name":"Neil",
      "driver_surname":"Hodgson",
      "driver_team_id":"20008",
      "driver_team":"Ducati",
      "driver_country_id":"GBR",
      "driver_country":"Gran Bretagna",
      "retiredstatus":"RITIR",
      "retirednote":"Al giro 15",
      "laps":"15",
      "time":"",
      "gap":"",
      "points":"-",
      "pit_stop":"0"
    },
    {
      "position":"",
      "driver_nbr":"66",
      "driver_id":"512286",
      "driver_label":"Hofmann A.",
      "driver_name":"Alex",
      "driver_surname":"Hofmann",
      "driver_team_id":"20206",
      "driver_team":"Kawasaki",
      "driver_country_id":"GER",
      "driver_country":"Germania",
      "retiredstatus":"RITIR",
      "retirednote":"Al giro 15",
      "laps":"15",
      "time":"",
      "gap":"",
      "points":"-",
      "pit_stop":"0"
    }
  ]
}
