{
  "competition_id":"41",
  "competition_name":"CAMPIONATO MOND.LE PISTA",
  "competition_short_name":"MOTOMONDIALE",
  "edition_id":"865",
  "edition_name":"2003",
  "event_id":13515,
  "event_description":"GP Pacifico",
  "date_start":"03-10-2003",
  "date_end":"05-10-2003",
  "items":[
    {
      "sequence":1,
      "event_type":"practice",
      "event_order":"1",
      "event_id":13514,
      "event_description":"PROVE VENERDI' GP PACIFICO",
      "date":"03-10-2003",
      "date_to_print":"03 Ott 2003",
      "time":"00:00",
      "time_local":"00:00",
      "specialty":"MOTOGP",
      "current":"no",
      "status":"ended",
      "status_description":"Disputata",
      "results_file":"13514.json"
    },
    {
      "sequence":2,
      "event_type":"grid",
      "event_order":"1",
      "event_id":13513,
      "event_description":"Griglia",
      "date":"04-10-2003",
      "date_to_print":"04 Ott 2003",
      "time":"00:00",
      "time_local":"00:00",
      "specialty":"MOTOGP",
      "current":"no",
      "status":"ended",
      "status_description":"Disputata",
      "results_file":"13513.json"
    },
    {
      "sequence":3,
      "event_type":"race",
      "event_order":"1",
      "event_id":13515,
      "event_description":"Gara",
      "date":"05-10-2003",
      "date_to_print":"05 Ott 2003",
      "time":"07:00",
      "time_local":"14:00",
      "specialty":"MOTOGP",
      "current":"yes",
      "status":"ended",
      "status_description":"Disputata",
      "results_file":"13515.json"
    }
  ]
}
