{
  "competition_id":"41",
  "competition_name":"CAMPIONATO MOND.LE PISTA",
  "competition_short_name":"MOTOMONDIALE",
  "edition_id":"1014",
  "edition_name":"2006",
  "events":[
    {
      "sequence":1,
      "id":17167,
      "description":"GP Spagna",
      "country_id":"ESP",
      "country":"Spagna",
      "date_start":"26-03-2006",
      "date_start_to_print":"26 Mar 2006",
      "date_end":"26-03-2006",
      "date_end_to_print":"26 Mar 2006",
      "status":"ended",
      "current":"no"
    },
    {
      "sequence":2,
      "id":17169,
      "description":"GP Qatar",
      "country_id":"QAT",
      "country":"Qatar",
      "date_start":"08-04-2006",
      "date_start_to_print":"08 Apr 2006",
      "date_end":"08-04-2006",
      "date_end_to_print":"08 Apr 2006",
      "status":"ended",
      "current":"no"
    },
    {
      "sequence":3,
      "id":17171,
      "description":"GP Turchia",
      "country_id":"TUR",
      "country":"Turchia",
      "date_start":"30-04-2006",
      "date_start_to_print":"30 Apr 2006",
      "date_end":"30-04-2006",
      "date_end_to_print":"30 Apr 2006",
      "status":"ended",
      "current":"no"
    },
    {
      "sequence":4,
      "id":17173,
      "description":"GP Cina",
      "country_id":"CHN",
      "country":"Cina",
      "date_start":"14-05-2006",
      "date_start_to_print":"14 Mag 2006",
      "date_end":"14-05-2006",
      "date_end_to_print":"14 Mag 2006",
      "status":"ended",
      "current":"no"
    },
    {
      "sequence":5,
      "id":17175,
      "description":"GP Francia",
      "country_id":"FRA",
      "country":"Francia",
      "date_start":"21-05-2006",
      "date_start_to_print":"21 Mag 2006",
      "date_end":"21-05-2006",
      "date_end_to_print":"21 Mag 2006",
      "status":"ended",
      "current":"no"
    },
    {
      "sequence":6,
      "id":17177,
      "description":"GP Italia",
      "country_id":"ITA",
      "country":"Italia",
      "date_start":"04-06-2006",
      "date_start_to_print":"04 Giu 2006",
      "date_end":"04-06-2006",
      "date_end_to_print":"04 Giu 2006",
      "status":"ended",
      "current":"no"
    },
    {
      "sequence":7,
      "id":17179,
      "description":"GP Catalunya",
      "country_id":"ESP",
      "country":"Spagna",
      "date_start":"18-06-2006",
      "date_start_to_print":"18 Giu 2006",
      "date_end":"18-06-2006",
      "date_end_to_print":"18 Giu 2006",
      "status":"ended",
      "current":"no"
    },
    {
      "sequence":8,
      "id":17181,
      "description":"GP Olanda",
      "country_id":"NED",
      "country":"Olanda",
      "date_start":"24-06-2006",
      "date_start_to_print":"24 Giu 2006",
      "date_end":"24-06-2006",
      "date_end_to_print":"24 Giu 2006",
      "status":"ended",
      "current":"no"
    },
    {
      "sequence":9,
      "id":17183,
      "description":"GP Gran Bretagna",
      "country_id":"GBR",
      "country":"Gran Bretagna",
      "date_start":"02-07-2006",
      "date_start_to_print":"02 Lug 2006",
      "date_end":"02-07-2006",
      "date_end_to_print":"02 Lug 2006",
      "status":"ended",
      "current":"no"
    },
    {
      "sequence":10,
      "id":17185,
      "description":"GP Germania",
      "country_id":"GER",
      "country":"Germania",
      "date_start":"16-07-2006",
      "date_start_to_print":"16 Lug 2006",
      "date_end":"16-07-2006",
      "date_end_to_print":"16 Lug 2006",
      "status":"ended",
      "current":"no"
    },
    {
      "sequence":11,
      "id":17187,
      "description":"GP Stati Uniti",
      "country_id":"USA",
      "country":"Stati Uniti",
      "date_start":"23-07-2006",
      "date_start_to_print":"23 Lug 2006",
      "date_end":"23-07-2006",
      "date_end_to_print":"23 Lug 2006",
      "status":"ended",
      "current":"no"
    },
    {
      "sequence":12,
      "id":17189,
      "description":"GP Repubblica Ceca",
      "country_id":"CZE",
      "country":"Rep. Ceca",
      "date_start":"20-08-2006",
      "date_start_to_print":"20 Ago 2006",
      "date_end":"20-08-2006",
      "date_end_to_print":"20 Ago 2006",
      "status":"ended",
      "current":"no"
    },
    {
      "sequence":13,
      "id":17191,
      "description":"GP Malesia",
      "country_id":"MAS",
      "country":"Malesia",
      "date_start":"10-09-2006",
      "date_start_to_print":"10 Set 2006",
      "date_end":"10-09-2006",
      "date_end_to_print":"10 Set 2006",
      "status":"ended",
      "current":"no"
    },
    {
      "sequence":14,
      "id":17193,
      "description":"GP Australia",
      "country_id":"AUS",
      "country":"Australia",
      "date_start":"17-09-2006",
      "date_start_to_print":"17 Set 2006",
      "date_end":"17-09-2006",
      "date_end_to_print":"17 Set 2006",
      "status":"ended",
      "current":"no"
    },
    {
      "sequence":15,
      "id":17195,
      "description":"GP Giappone",
      "country_id":"JPN",
      "country":"Giappone",
      "date_start":"24-09-2006",
      "date_start_to_print":"24 Set 2006",
      "date_end":"24-09-2006",
      "date_end_to_print":"24 Set 2006",
      "status":"ended",
      "current":"no"
    },
    {
      "sequence":16,
      "id":17197,
      "description":"GP Portogallo",
      "country_id":"POR",
      "country":"Portogallo",
      "date_start":"15-10-2006",
      "date_start_to_print":"15 Ott 2006",
      "date_end":"15-10-2006",
      "date_end_to_print":"15 Ott 2006",
      "status":"ended",
      "current":"no"
    },
    {
      "sequence":17,
      "id":17199,
      "description":"GP Comunita' Valenciana",
      "country_id":"ESP",
      "country":"Spagna",
      "date_start":"29-10-2006",
      "date_start_to_print":"29 Ott 2006",
      "date_end":"29-10-2006",
      "date_end_to_print":"29 Ott 2006",
      "status":"ended",
      "current":"yes"
    }
  ]
}
