{
  "competition_id":"41",
  "competition_name":"CAMPIONATO MOND.LE PISTA",
  "competition_short_name":"MOTOMONDIALE",
  "edition_id":"1014",
  "edition_name":"2006",
  "event_id":17171,
  "event_description":"GP Turchia",
  "date_start":"28-04-2006",
  "date_end":"30-04-2006",
  "items":[
    {
      "sequence":1,
      "event_type":"practice",
      "event_order":"1",
      "event_id":17449,
      "event_description":"Libere 1 GP Turchia",
      "date":"28-04-2006",
      "date_to_print":"28 Apr 2006",
      "time":"09:00",
      "time_local":"11:00",
      "specialty":"MOTOGP",
      "current":"no",
      "status":"ended",
      "status_description":"Disputata",
      "results_file":"17449.json"
    },
    {
      "sequence":2,
      "event_type":"practice",
      "event_order":"2",
      "event_id":17452,
      "event_description":"Libere 2 GP Turchia",
      "date":"28-04-2006",
      "date_to_print":"28 Apr 2006",
      "time":"13:00",
      "time_local":"15:00",
      "specialty":"MOTOGP",
      "current":"no",
      "status":"ended",
      "status_description":"Disputata",
      "results_file":"17452.json"
    },
    {
      "sequence":3,
      "event_type":"practice",
      "event_order":"3",
      "event_id":17454,
      "event_description":"Libere 3 GP Turchia",
      "date":"29-04-2006",
      "date_to_print":"29 Apr 2006",
      "time":"11:00",
      "time_local":"03:00",
      "specialty":"MOTOGP",
      "current":"no",
      "status":"ended",
      "status_description":"Disputata",
      "results_file":"17454.json"
    },
    {
      "sequence":4,
      "event_type":"grid",
      "event_order":"1",
      "event_id":17170,
      "event_description":"Griglia",
      "date":"29-04-2006",
      "date_to_print":"29 Apr 2006",
      "time":"13:00",
      "time_local":"15:00",
      "specialty":"MOTOGP",
      "current":"no",
      "status":"ended",
      "status_description":"Disputata",
      "results_file":"17170.json"
    },
    {
      "sequence":5,
      "event_type":"race",
      "event_order":"1",
      "event_id":17171,
      "event_description":"Gara",
      "date":"30-04-2006",
      "date_to_print":"30 Apr 2006",
      "time":"13:00",
      "time_local":"15:00",
      "specialty":"MOTOGP",
      "current":"yes",
      "status":"ended",
      "status_description":"Disputata",
      "results_file":"17171.json"
    }
  ]
}
