{
  "competition_id":"41",
  "competition_name":"CAMPIONATO MOND.LE PISTA",
  "competition_short_name":"MOTOMONDIALE",
  "edition_id":"1033",
  "edition_name":"2007",
  "event_id":18579,
  "event_description":"GP Catalunya",
  "date_start":"08-06-2007",
  "date_end":"10-06-2007",
  "items":[
    {
      "sequence":1,
      "event_type":"practice",
      "event_order":"1",
      "event_id":19110,
      "event_description":"Libere 1 Gp Catalogna",
      "date":"08-06-2007",
      "date_to_print":"08 Giu 2007",
      "time":"10:00",
      "time_local":"10:00",
      "specialty":"MOTOGP",
      "current":"no",
      "status":"ended",
      "status_description":"Disputata",
      "results_file":"19110.json"
    },
    {
      "sequence":2,
      "event_type":"practice",
      "event_order":"2",
      "event_id":19115,
      "event_description":"Libere 2 Gp Catalogna",
      "date":"08-06-2007",
      "date_to_print":"08 Giu 2007",
      "time":"13:50",
      "time_local":"13:50",
      "specialty":"MOTOGP",
      "current":"no",
      "status":"ended",
      "status_description":"Disputata",
      "results_file":"19115.json"
    },
    {
      "sequence":3,
      "event_type":"practice",
      "event_order":"3",
      "event_id":19113,
      "event_description":"Libere 3 Gp Catalogna",
      "date":"09-06-2007",
      "date_to_print":"09 Giu 2007",
      "time":"10:00",
      "time_local":"10:00",
      "specialty":"MOTOGP",
      "current":"no",
      "status":"ended",
      "status_description":"Disputata",
      "results_file":"19113.json"
    },
    {
      "sequence":4,
      "event_type":"grid",
      "event_order":"1",
      "event_id":18582,
      "event_description":"Griglia",
      "date":"09-06-2007",
      "date_to_print":"09 Giu 2007",
      "time":"14:00",
      "time_local":"14:00",
      "specialty":"MOTOGP",
      "current":"no",
      "status":"ended",
      "status_description":"Disputata",
      "results_file":"18582.json"
    },
    {
      "sequence":5,
      "event_type":"race",
      "event_order":"1",
      "event_id":18579,
      "event_description":"Gara",
      "date":"10-06-2007",
      "date_to_print":"10 Giu 2007",
      "time":"14:00",
      "time_local":"14:00",
      "specialty":"MOTOGP",
      "current":"yes",
      "status":"ended",
      "status_description":"Disputata",
      "results_file":"18579.json"
    }
  ]
}
