{
  "competition_id":"41",
  "competition_name":"CAMPIONATO MOND.LE PISTA",
  "competition_short_name":"MOTOMONDIALE",
  "edition_id":"932",
  "edition_name":"2005",
  "event_id":15630,
  "event_description":"GP Repubblica Ceca",
  "date_start":"27-08-2005",
  "date_end":"28-08-2005",
  "items":[
    {
      "sequence":1,
      "event_type":"grid",
      "event_order":"1",
      "event_id":15627,
      "event_description":"Griglia",
      "date":"27-08-2005",
      "date_to_print":"27 Ago 2005",
      "time":"00:00",
      "time_local":"00:00",
      "specialty":"MOTOGP",
      "current":"no",
      "status":"ended",
      "status_description":"Disputata",
      "results_file":"15627.json"
    },
    {
      "sequence":2,
      "event_type":"race",
      "event_order":"1",
      "event_id":15630,
      "event_description":"Gara",
      "date":"28-08-2005",
      "date_to_print":"28 Ago 2005",
      "time":"14:00",
      "time_local":"14:00",
      "specialty":"MOTOGP",
      "current":"yes",
      "status":"ended",
      "status_description":"Disputata",
      "results_file":"15630.json"
    }
  ]
}
