{
  "competition_id":"41",
  "competition_name":"CAMPIONATO MOND.LE PISTA",
  "competition_short_name":"MOTOMONDIALE",
  "edition_id":"1014",
  "edition_name":"2006",
  "event_id":17199,
  "event_description":"GP Comunita' Valenciana",
  "date_start":"27-10-2006",
  "date_end":"29-10-2006",
  "items":[
    {
      "sequence":1,
      "event_type":"practice",
      "event_order":"1",
      "event_id":18162,
      "event_description":"Libere 1 GP Valencia",
      "date":"27-10-2006",
      "date_to_print":"27 Ott 2006",
      "time":"10:00",
      "time_local":"10:00",
      "specialty":"MOTOGP",
      "current":"no",
      "status":"ended",
      "status_description":"Disputata",
      "results_file":"18162.json"
    },
    {
      "sequence":2,
      "event_type":"practice",
      "event_order":"2",
      "event_id":18164,
      "event_description":"Libere 2 GP Valencia",
      "date":"27-10-2006",
      "date_to_print":"27 Ott 2006",
      "time":"14:00",
      "time_local":"14:00",
      "specialty":"MOTOGP",
      "current":"no",
      "status":"ended",
      "status_description":"Disputata",
      "results_file":"18164.json"
    },
    {
      "sequence":3,
      "event_type":"practice",
      "event_order":"3",
      "event_id":18166,
      "event_description":"Libere 3 GP Valencia",
      "date":"28-10-2006",
      "date_to_print":"28 Ott 2006",
      "time":"10:00",
      "time_local":"10:00",
      "specialty":"MOTOGP",
      "current":"no",
      "status":"ended",
      "status_description":"Disputata",
      "results_file":"18166.json"
    },
    {
      "sequence":4,
      "event_type":"grid",
      "event_order":"1",
      "event_id":17198,
      "event_description":"Griglia",
      "date":"28-10-2006",
      "date_to_print":"28 Ott 2006",
      "time":"14:00",
      "time_local":"14:00",
      "specialty":"MOTOGP",
      "current":"no",
      "status":"ended",
      "status_description":"Disputata",
      "results_file":"17198.json"
    },
    {
      "sequence":5,
      "event_type":"race",
      "event_order":"1",
      "event_id":17199,
      "event_description":"Gara",
      "date":"29-10-2006",
      "date_to_print":"29 Ott 2006",
      "time":"14:00",
      "time_local":"14:00",
      "specialty":"MOTOGP",
      "current":"yes",
      "status":"ended",
      "status_description":"Disputata",
      "results_file":"17199.json"
    }
  ]
}
