{
  "competition_id":"41",
  "competition_name":"CAMPIONATO MOND.LE PISTA",
  "competition_short_name":"MOTOMONDIALE",
  "edition_id":"1033",
  "edition_name":"2007",
  "event_type":"grid",
  "event_id":18532,
  "event_description":"Griglia",
  "date":"15-09-2007",
  "date_to_print":"15 Set 2007",
  "time":"14:50",
  "time_local":"13:50",
  "specialty":"MOTOGP",
  "status":"ended",
  "status_description":"Disputata",
  "standing":[
    {
      "position":"1",
      "driver_nbr":"1",
      "driver_id":"518556",
      "driver_label":"Hayden N.",
      "driver_name":"Nicky",
      "driver_surname":"Hayden",
      "driver_team_id":"20486",
      "driver_team":"HONDA",
      "driver_country_id":"USA",
      "driver_country":"Stati Uniti",
      "retiredstatus":"",
      "retirednote":"",
      "laps":"",
      "time":"1:36:301",
      "gap":"",
      "points":"-",
      "pit_stop":"0"
    },
    {
      "position":"2",
      "driver_nbr":"27",
      "driver_id":"518050",
      "driver_label":"Stoner C.",
      "driver_name":"Casey",
      "driver_surname":"Stoner",
      "driver_team_id":"20008",
      "driver_team":"Ducati",
      "driver_country_id":"AUS",
      "driver_country":"Australia",
      "retiredstatus":"",
      "retirednote":"",
      "laps":"",
      "time":"1:36:341",
      "gap":"+0:040",
      "points":"-",
      "pit_stop":"0"
    },
    {
      "position":"3",
      "driver_nbr":"46",
      "driver_id":"511282",
      "driver_label":"Rossi V.",
      "driver_name":"Valentino",
      "driver_surname":"Rossi",
      "driver_team_id":"20487",
      "driver_team":"Yamaha",
      "driver_country_id":"ITA",
      "driver_country":"Italia",
      "retiredstatus":"",
      "retirednote":"",
      "laps":"",
      "time":"1:36:576",
      "gap":"+0:275",
      "points":"-",
      "pit_stop":"0"
    },
    {
      "position":"4",
      "driver_nbr":"6",
      "driver_id":"517718",
      "driver_label":"Tamada M.",
      "driver_name":"Makoto",
      "driver_surname":"Tamada",
      "driver_team_id":"20487",
      "driver_team":"Yamaha",
      "driver_country_id":"JPN",
      "driver_country":"Giappone",
      "retiredstatus":"",
      "retirednote":"",
      "laps":"",
      "time":"1:36:736",
      "gap":"+0:435",
      "points":"-",
      "pit_stop":"0"
    },
    {
      "position":"5",
      "driver_nbr":"26",
      "driver_id":"517745",
      "driver_label":"Pedrosa D.",
      "driver_name":"Daniel",
      "driver_surname":"Pedrosa",
      "driver_team_id":"20486",
      "driver_team":"HONDA",
      "driver_country_id":"ESP",
      "driver_country":"Spagna",
      "retiredstatus":"",
      "retirednote":"",
      "laps":"",
      "time":"1:36:829",
      "gap":"+0:528",
      "points":"-",
      "pit_stop":"0"
    },
    {
      "position":"6",
      "driver_nbr":"5",
      "driver_id":"511440",
      "driver_label":"Edwards C.",
      "driver_name":"Colin",
      "driver_surname":"Edwards",
      "driver_team_id":"20487",
      "driver_team":"Yamaha",
      "driver_country_id":"USA",
      "driver_country":"Stati Uniti",
      "retiredstatus":"",
      "retirednote":"",
      "laps":"",
      "time":"1:36:904",
      "gap":"+0:603",
      "points":"-",
      "pit_stop":"0"
    },
    {
      "position":"7",
      "driver_nbr":"33",
      "driver_id":"511664",
      "driver_label":"Melandri M.",
      "driver_name":"Marco",
      "driver_surname":"Melandri",
      "driver_team_id":"20486",
      "driver_team":"HONDA",
      "driver_country_id":"ITA",
      "driver_country":"Italia",
      "retiredstatus":"",
      "retirednote":"",
      "laps":"",
      "time":"1:37:157",
      "gap":"+0:856",
      "points":"-",
      "pit_stop":"0"
    },
    {
      "position":"8",
      "driver_nbr":"50",
      "driver_id":"517566",
      "driver_label":"Guintoli S.",
      "driver_name":"Sylvain",
      "driver_surname":"Guintoli",
      "driver_team_id":"20487",
      "driver_team":"Yamaha",
      "driver_country_id":"FRA",
      "driver_country":"Francia",
      "retiredstatus":"",
      "retirednote":"",
      "laps":"",
      "time":"1:37:189",
      "gap":"+0:888",
      "points":"-",
      "pit_stop":"0"
    },
    {
      "position":"9",
      "driver_nbr":"24",
      "driver_id":"517647",
      "driver_label":"Elias T.",
      "driver_name":"Toni",
      "driver_surname":"Elias",
      "driver_team_id":"20486",
      "driver_team":"HONDA",
      "driver_country_id":"ESP",
      "driver_country":"Spagna",
      "retiredstatus":"",
      "retirednote":"",
      "laps":"",
      "time":"1:37:246",
      "gap":"+0:945",
      "points":"-",
      "pit_stop":"0"
    },
    {
      "position":"10",
      "driver_nbr":"21",
      "driver_id":"518403",
      "driver_label":"Hopkins J.",
      "driver_name":"John",
      "driver_surname":"Hopkins",
      "driver_team_id":"20488",
      "driver_team":"SUZUKI",
      "driver_country_id":"USA",
      "driver_country":"Stati Uniti",
      "retiredstatus":"",
      "retirednote":"",
      "laps":"",
      "time":"1:37:280",
      "gap":"+0:979",
      "points":"-",
      "pit_stop":"0"
    },
    {
      "position":"11",
      "driver_nbr":"7",
      "driver_id":"511191",
      "driver_label":"Checa C.",
      "driver_name":"Carlos",
      "driver_surname":"Checa",
      "driver_team_id":"20486",
      "driver_team":"HONDA",
      "driver_country_id":"ESP",
      "driver_country":"Spagna",
      "retiredstatus":"",
      "retirednote":"",
      "laps":"",
      "time":"1:37:296",
      "gap":"+0:995",
      "points":"-",
      "pit_stop":"0"
    },
    {
      "position":"12",
      "driver_nbr":"71",
      "driver_id":"520098",
      "driver_label":"Vermeulen C.",
      "driver_name":"Chris",
      "driver_surname":"Vermeulen",
      "driver_team_id":"20488",
      "driver_team":"SUZUKI",
      "driver_country_id":"AUS",
      "driver_country":"Australia",
      "retiredstatus":"",
      "retirednote":"",
      "laps":"",
      "time":"1:37:365",
      "gap":"+1:064",
      "points":"-",
      "pit_stop":"0"
    },
    {
      "position":"13",
      "driver_nbr":"56",
      "driver_id":"512216",
      "driver_label":"Nakano S.",
      "driver_name":"Shinya",
      "driver_surname":"Nakano",
      "driver_team_id":"20486",
      "driver_team":"HONDA",
      "driver_country_id":"JPN",
      "driver_country":"Giappone",
      "retiredstatus":"",
      "retirednote":"",
      "laps":"",
      "time":"1:37:530",
      "gap":"+1:229",
      "points":"-",
      "pit_stop":"0"
    },
    {
      "position":"14",
      "driver_nbr":"4",
      "driver_id":"510914",
      "driver_label":"Barros A.",
      "driver_name":"Alex",
      "driver_surname":"Barros",
      "driver_team_id":"20008",
      "driver_team":"Ducati",
      "driver_country_id":"BRA",
      "driver_country":"Brasile",
      "retiredstatus":"",
      "retirednote":"",
      "laps":"",
      "time":"1:37:550",
      "gap":"+1:249",
      "points":"-",
      "pit_stop":"0"
    },
    {
      "position":"15",
      "driver_nbr":"65",
      "driver_id":"510933",
      "driver_label":"Capirossi L.",
      "driver_name":"Loris",
      "driver_surname":"Capirossi",
      "driver_team_id":"20008",
      "driver_team":"Ducati",
      "driver_country_id":"ITA",
      "driver_country":"Italia",
      "retiredstatus":"",
      "retirednote":"",
      "laps":"",
      "time":"1:37:733",
      "gap":"+1:432",
      "points":"-",
      "pit_stop":"0"
    },
    {
      "position":"16",
      "driver_nbr":"13",
      "driver_id":"512984",
      "driver_label":"West A.",
      "driver_name":"Anthony",
      "driver_surname":"West",
      "driver_team_id":"20206",
      "driver_team":"Kawasaki",
      "driver_country_id":"AUS",
      "driver_country":"Australia",
      "retiredstatus":"",
      "retirednote":"",
      "laps":"",
      "time":"1:37:885",
      "gap":"+1:584",
      "points":"-",
      "pit_stop":"0"
    },
    {
      "position":"17",
      "driver_nbr":"66",
      "driver_id":"512286",
      "driver_label":"Hofmann A.",
      "driver_name":"Alex",
      "driver_surname":"Hofmann",
      "driver_team_id":"20008",
      "driver_team":"Ducati",
      "driver_country_id":"GER",
      "driver_country":"Germania",
      "retiredstatus":"",
      "retirednote":"",
      "laps":"",
      "time":"1:37:959",
      "gap":"+1:658",
      "points":"-",
      "pit_stop":"0"
    },
    {
      "position":"18",
      "driver_nbr":"17",
      "driver_id":"512383",
      "driver_label":"De Puniet R.",
      "driver_name":"Randy",
      "driver_surname":"De Puniet",
      "driver_team_id":"20206",
      "driver_team":"Kawasaki",
      "driver_country_id":"FRA",
      "driver_country":"Francia",
      "retiredstatus":"",
      "retirednote":"",
      "laps":"",
      "time":"1:38:271",
      "gap":"+1:970",
      "points":"-",
      "pit_stop":"0"
    },
    {
      "position":"19",
      "driver_nbr":"80",
      "driver_id":"517733",
      "driver_label":"Roberts K.",
      "driver_name":"Kurtis",
      "driver_surname":"Roberts",
      "driver_team_id":"21023",
      "driver_team":"KR212V",
      "driver_country_id":"USA",
      "driver_country":"Stati Uniti",
      "retiredstatus":"",
      "retirednote":"",
      "laps":"",
      "time":"1:39:017",
      "gap":"+2:716",
      "points":"-",
      "pit_stop":"0"
    }
  ]
}
