{
  "competition_id":"41",
  "competition_name":"CAMPIONATO MOND.LE PISTA",
  "competition_short_name":"MOTOMONDIALE",
  "edition_id":"1033",
  "edition_name":"2007",
  "event_id":18529,
  "event_description":"GP Portogallo",
  "date_start":"14-09-2007",
  "date_end":"16-09-2007",
  "items":[
    {
      "sequence":1,
      "event_type":"practice",
      "event_order":"1",
      "event_id":19409,
      "event_description":"Libere 1 Gp Portogallo",
      "date":"14-09-2007",
      "date_to_print":"14 Set 2007",
      "time":"11:00",
      "time_local":"10:00",
      "specialty":"MOTOGP",
      "current":"no",
      "status":"ended",
      "status_description":"Disputata",
      "results_file":"19409.json"
    },
    {
      "sequence":2,
      "event_type":"practice",
      "event_order":"2",
      "event_id":19411,
      "event_description":"Libere 2 Gp Portogallo",
      "date":"14-09-2007",
      "date_to_print":"14 Set 2007",
      "time":"14:50",
      "time_local":"13:50",
      "specialty":"MOTOGP",
      "current":"no",
      "status":"ended",
      "status_description":"Disputata",
      "results_file":"19411.json"
    },
    {
      "sequence":3,
      "event_type":"practice",
      "event_order":"3",
      "event_id":19413,
      "event_description":"Libere 3 Gp Portogallo",
      "date":"15-09-2007",
      "date_to_print":"15 Set 2007",
      "time":"11:00",
      "time_local":"10:00",
      "specialty":"MOTOGP",
      "current":"no",
      "status":"ended",
      "status_description":"Disputata",
      "results_file":"19413.json"
    },
    {
      "sequence":4,
      "event_type":"grid",
      "event_order":"1",
      "event_id":18532,
      "event_description":"Griglia",
      "date":"15-09-2007",
      "date_to_print":"15 Set 2007",
      "time":"14:50",
      "time_local":"13:50",
      "specialty":"MOTOGP",
      "current":"no",
      "status":"ended",
      "status_description":"Disputata",
      "results_file":"18532.json"
    },
    {
      "sequence":5,
      "event_type":"race",
      "event_order":"1",
      "event_id":18529,
      "event_description":"Gara",
      "date":"16-09-2007",
      "date_to_print":"16 Set 2007",
      "time":"16:00",
      "time_local":"15:00",
      "specialty":"MOTOGP",
      "current":"yes",
      "status":"ended",
      "status_description":"Disputata",
      "results_file":"18529.json"
    }
  ]
}
