{
  "competition_id":"41",
  "competition_name":"CAMPIONATO MOND.LE PISTA",
  "competition_short_name":"MOTOMONDIALE",
  "edition_id":"932",
  "edition_name":"2005",
  "event_type":"race",
  "event_id":15586,
  "event_description":"Gara",
  "date":"01-05-2005",
  "date_to_print":"01 Mag 2005",
  "time":"09:00",
  "time_local":"09:00",
  "specialty":"MOTOGP",
  "status":"ended",
  "status_description":"Disputata",
  "standing":[
    {
      "position":"1",
      "driver_nbr":"46",
      "driver_id":"511282",
      "driver_label":"Rossi V.",
      "driver_name":"Valentino",
      "driver_surname":"Rossi",
      "driver_team_id":"20487",
      "driver_team":"Yamaha",
      "driver_country_id":"ITA",
      "driver_country":"Italia",
      "retiredstatus":"",
      "retirednote":"",
      "laps":"",
      "time":"50:02:463",
      "gap":"",
      "points":"25",
      "pit_stop":"0"
    },
    {
      "position":"2",
      "driver_nbr":"19",
      "driver_id":"511227",
      "driver_label":"Jacque O.",
      "driver_name":"Olivier",
      "driver_surname":"Jacque",
      "driver_team_id":"20206",
      "driver_team":"Kawasaki",
      "driver_country_id":"FRA",
      "driver_country":"Francia",
      "retiredstatus":"",
      "retirednote":"",
      "laps":"",
      "time":"50:04:163",
      "gap":"+1:700",
      "points":"20",
      "pit_stop":"0"
    },
    {
      "position":"3",
      "driver_nbr":"33",
      "driver_id":"511664",
      "driver_label":"Melandri M.",
      "driver_name":"Marco",
      "driver_surname":"Melandri",
      "driver_team_id":"20486",
      "driver_team":"HONDA",
      "driver_country_id":"ITA",
      "driver_country":"Italia",
      "retiredstatus":"",
      "retirednote":"",
      "laps":"",
      "time":"50:19:037",
      "gap":"+16:574",
      "points":"16",
      "pit_stop":"0"
    },
    {
      "position":"4",
      "driver_nbr":"15",
      "driver_id":"511337",
      "driver_label":"Gibernau S.",
      "driver_name":"Sete",
      "driver_surname":"Gibernau",
      "driver_team_id":"20486",
      "driver_team":"HONDA",
      "driver_country_id":"ESP",
      "driver_country":"Spagna",
      "retiredstatus":"",
      "retirednote":"",
      "laps":"",
      "time":"50:21:369",
      "gap":"+18:906",
      "points":"13",
      "pit_stop":"0"
    },
    {
      "position":"5",
      "driver_nbr":"3",
      "driver_id":"510919",
      "driver_label":"Biaggi M.",
      "driver_name":"Massimiliano",
      "driver_surname":"Biaggi",
      "driver_team_id":"20486",
      "driver_team":"HONDA",
      "driver_country_id":"ITA",
      "driver_country":"Italia",
      "retiredstatus":"",
      "retirednote":"",
      "laps":"",
      "time":"50:22:014",
      "gap":"+19:551",
      "points":"11",
      "pit_stop":"0"
    },
    {
      "position":"6",
      "driver_nbr":"16",
      "driver_id":"514947",
      "driver_label":"Van Der Goorbergh J.",
      "driver_name":"Jurgen",
      "driver_surname":"Van Der Goorbergh",
      "driver_team_id":"20486",
      "driver_team":"HONDA",
      "driver_country_id":"NED",
      "driver_country":"Olanda",
      "retiredstatus":"",
      "retirednote":"",
      "laps":"",
      "time":"50:24:085",
      "gap":"+21:622",
      "points":"10",
      "pit_stop":"0"
    },
    {
      "position":"7",
      "driver_nbr":"21",
      "driver_id":"518403",
      "driver_label":"Hopkins J.",
      "driver_name":"John",
      "driver_surname":"Hopkins",
      "driver_team_id":"20488",
      "driver_team":"SUZUKI",
      "driver_country_id":"USA",
      "driver_country":"Stati Uniti",
      "retiredstatus":"",
      "retirednote":"",
      "laps":"",
      "time":"50:28:346",
      "gap":"+25:883",
      "points":"9",
      "pit_stop":"0"
    },
    {
      "position":"8",
      "driver_nbr":"5",
      "driver_id":"511440",
      "driver_label":"Edwards C.",
      "driver_name":"Colin",
      "driver_surname":"Edwards",
      "driver_team_id":"20487",
      "driver_team":"Yamaha",
      "driver_country_id":"USA",
      "driver_country":"Stati Uniti",
      "retiredstatus":"",
      "retirednote":"",
      "laps":"",
      "time":"50:33:496",
      "gap":"+31:033",
      "points":"8",
      "pit_stop":"0"
    },
    {
      "position":"9",
      "driver_nbr":"69",
      "driver_id":"518556",
      "driver_label":"Hayden N.",
      "driver_name":"Nicky",
      "driver_surname":"Hayden",
      "driver_team_id":"20486",
      "driver_team":"HONDA",
      "driver_country_id":"USA",
      "driver_country":"Stati Uniti",
      "retiredstatus":"",
      "retirednote":"",
      "laps":"",
      "time":"50:41:762",
      "gap":"+39:299",
      "points":"7",
      "pit_stop":"0"
    },
    {
      "position":"10",
      "driver_nbr":"11",
      "driver_id":"515113",
      "driver_label":"Xaus R.",
      "driver_name":"Ruben",
      "driver_surname":"Xaus",
      "driver_team_id":"20487",
      "driver_team":"Yamaha",
      "driver_country_id":"ESP",
      "driver_country":"Spagna",
      "retiredstatus":"",
      "retirednote":"",
      "laps":"",
      "time":"50:43:454",
      "gap":"+40:991",
      "points":"6",
      "pit_stop":"0"
    },
    {
      "position":"11",
      "driver_nbr":"4",
      "driver_id":"510914",
      "driver_label":"Barros A.",
      "driver_name":"Alex",
      "driver_surname":"Barros",
      "driver_team_id":"20486",
      "driver_team":"HONDA",
      "driver_country_id":"BRA",
      "driver_country":"Brasile",
      "retiredstatus":"",
      "retirednote":"",
      "laps":"",
      "time":"50:46:477",
      "gap":"+44:014",
      "points":"5",
      "pit_stop":"0"
    },
    {
      "position":"12",
      "driver_nbr":"65",
      "driver_id":"510933",
      "driver_label":"Capirossi L.",
      "driver_name":"Loris",
      "driver_surname":"Capirossi",
      "driver_team_id":"20008",
      "driver_team":"Ducati",
      "driver_country_id":"ITA",
      "driver_country":"Italia",
      "retiredstatus":"",
      "retirednote":"",
      "laps":"",
      "time":"50:46:864",
      "gap":"+44:401",
      "points":"4",
      "pit_stop":"0"
    },
    {
      "position":"13",
      "driver_nbr":"77",
      "driver_id":"520309",
      "driver_label":"Ellison J.",
      "driver_name":"James",
      "driver_surname":"Ellison",
      "driver_team_id":"20977",
      "driver_team":"Blata",
      "driver_country_id":"GBR",
      "driver_country":"Gran Bretagna",
      "retiredstatus":"",
      "retirednote":"",
      "laps":"",
      "time":"50:55:912",
      "gap":"+53:449",
      "points":"3",
      "pit_stop":"0"
    },
    {
      "position":"14",
      "driver_nbr":"24",
      "driver_id":"517647",
      "driver_label":"Elias T.",
      "driver_name":"Toni",
      "driver_surname":"Elias",
      "driver_team_id":"20487",
      "driver_team":"Yamaha",
      "driver_country_id":"ESP",
      "driver_country":"Spagna",
      "retiredstatus":"",
      "retirednote":"",
      "laps":"",
      "time":"51:08:316",
      "gap":"+1:05:853",
      "points":"2",
      "pit_stop":"0"
    },
    {
      "position":"15",
      "driver_nbr":"72",
      "driver_id":"511225",
      "driver_label":"Ukawa T.",
      "driver_name":"Tohru",
      "driver_surname":"Ukawa",
      "driver_team_id":"20930",
      "driver_team":"Moriwaki",
      "driver_country_id":"JPN",
      "driver_country":"Giappone",
      "retiredstatus":"",
      "retirednote":"",
      "laps":"",
      "time":"51:11:943",
      "gap":"+1:09:480",
      "points":"1",
      "pit_stop":"0"
    },
    {
      "position":"16",
      "driver_nbr":"44",
      "driver_id":"512213",
      "driver_label":"Rolfo R.",
      "driver_name":"Roberto",
      "driver_surname":"Rolfo",
      "driver_team_id":"20008",
      "driver_team":"Ducati",
      "driver_country_id":"ITA",
      "driver_country":"Italia",
      "retiredstatus":"",
      "retirednote":"",
      "laps":"",
      "time":"51:17:756",
      "gap":"+1:15:293",
      "points":"-",
      "pit_stop":"0"
    },
    {
      "position":"",
      "driver_nbr":"56",
      "driver_id":"512216",
      "driver_label":"Nakano S.",
      "driver_name":"Shinya",
      "driver_surname":"Nakano",
      "driver_team_id":"20206",
      "driver_team":"Kawasaki",
      "driver_country_id":"JPN",
      "driver_country":"Giappone",
      "retiredstatus":"RITIR",
      "retirednote":"Al giro 2",
      "laps":"2",
      "time":"",
      "gap":"",
      "points":"-",
      "pit_stop":"0"
    },
    {
      "position":"",
      "driver_nbr":"12",
      "driver_id":"515230",
      "driver_label":"Bayliss T.",
      "driver_name":"Troy",
      "driver_surname":"Bayliss",
      "driver_team_id":"20486",
      "driver_team":"HONDA",
      "driver_country_id":"AUS",
      "driver_country":"Australia",
      "retiredstatus":"RITIR",
      "retirednote":"Al giro 4",
      "laps":"4",
      "time":"",
      "gap":"",
      "points":"-",
      "pit_stop":"0"
    },
    {
      "position":"",
      "driver_nbr":"7",
      "driver_id":"511191",
      "driver_label":"Checa C.",
      "driver_name":"Carlos",
      "driver_surname":"Checa",
      "driver_team_id":"20008",
      "driver_team":"Ducati",
      "driver_country_id":"ESP",
      "driver_country":"Spagna",
      "retiredstatus":"RITIR",
      "retirednote":"Al giro 4",
      "laps":"4",
      "time":"",
      "gap":"",
      "points":"-",
      "pit_stop":"0"
    },
    {
      "position":"",
      "driver_nbr":"10",
      "driver_id":"511074",
      "driver_label":"Roberts Jr K.",
      "driver_name":"Kenny",
      "driver_surname":"Roberts Jr",
      "driver_team_id":"20488",
      "driver_team":"SUZUKI",
      "driver_country_id":"USA",
      "driver_country":"Stati Uniti",
      "retiredstatus":"RITIR",
      "retirednote":"Al giro 5",
      "laps":"5",
      "time":"",
      "gap":"",
      "points":"-",
      "pit_stop":"0"
    },
    {
      "position":"",
      "driver_nbr":"27",
      "driver_id":"511424",
      "driver_label":"Battaini F.",
      "driver_name":"Franco",
      "driver_surname":"Battaini",
      "driver_team_id":"20977",
      "driver_team":"Blata",
      "driver_country_id":"ITA",
      "driver_country":"Italia",
      "retiredstatus":"RITIR",
      "retirednote":"Al giro 16",
      "laps":"16",
      "time":"",
      "gap":"",
      "points":"-",
      "pit_stop":"0"
    }
  ]
}
