{
  "id":"111",
  "name":"SHANGHAI INTERNATIONAL CIRCUIT",
  "city":"SHANGHAI",
  "country_id":"CHN",
  "country":"Cina",
  "length":"5451",
  "bends":"16 (7 a sinistra, 9 a destra)",
  "foundation_year":"2004",
  "records":[
    {
      "type":"stage-fastest-lap",
      "year":"2008",
      "id":"511440",
      "label":"Edwards C.",
      "name":"Colin",
      "surname":"Edwards",
      "team":"Yamaha",
      "country_id":"USA",
      "country":"Stati Uniti",
      "time":"1:58:139",
      "average_speed":"160,925",
      "description":"C. Edwards - Yamaha - 160,925 km/h - 2008"
    },
    {
      "type":"race-fastest-lap",
      "year":"2008",
      "id":"511282",
      "label":"Rossi V.",
      "name":"Valentino",
      "surname":"Rossi",
      "team":"Yamaha",
      "country_id":"ITA",
      "country":"Italia",
      "time":"1:59:273",
      "average_speed":"159,395",
      "description":"V. Rossi - Yamaha - 159,395 km/h - 2008"
    },
    {
      "type":"race-best-time",
      "year":"",
      "id":"",
      "label":"",
      "name":"",
      "surname":"",
      "team":"",
      "country_id":"",
      "country":"",
      "time":"",
      "average_speed":"",
      "description":"Non disponibile"
  }
  ]
}
