{
  "competition_id":"41",
  "competition_name":"CAMPIONATO MOND.LE PISTA",
  "competition_short_name":"MOTOMONDIALE",
  "edition_id":"932",
  "edition_name":"2005",
  "event_id":15586,
  "event_description":"GP Cina",
  "date_start":"30-04-2005",
  "date_end":"01-05-2005",
  "items":[
    {
      "sequence":1,
      "event_type":"grid",
      "event_order":"1",
      "event_id":15583,
      "event_description":"Griglia",
      "date":"30-04-2005",
      "date_to_print":"30 Apr 2005",
      "time":"04:00",
      "time_local":"10:00",
      "specialty":"MOTOGP",
      "current":"no",
      "status":"ended",
      "status_description":"Disputata",
      "results_file":"15583.json"
    },
    {
      "sequence":2,
      "event_type":"race",
      "event_order":"1",
      "event_id":15586,
      "event_description":"Gara",
      "date":"01-05-2005",
      "date_to_print":"01 Mag 2005",
      "time":"09:00",
      "time_local":"09:00",
      "specialty":"MOTOGP",
      "current":"yes",
      "status":"ended",
      "status_description":"Disputata",
      "results_file":"15586.json"
    }
  ]
}
