{
  "competition_id":"41",
  "competition_name":"CAMPIONATO MOND.LE PISTA",
  "competition_short_name":"MOTOMONDIALE",
  "edition_id":"911",
  "edition_name":"2004",
  "event_id":14729,
  "event_description":"GP Malesia",
  "date_start":"08-10-2004",
  "date_end":"10-10-2004",
  "items":[
    {
      "sequence":1,
      "event_type":"practice",
      "event_order":"1",
      "event_id":14731,
      "event_description":"PROVE VENERDI' GP MALESIA",
      "date":"08-10-2004",
      "date_to_print":"08 Ott 2004",
      "time":"00:00",
      "time_local":"00:00",
      "specialty":"MOTOGP",
      "current":"no",
      "status":"ended",
      "status_description":"Disputata",
      "results_file":"14731.json"
    },
    {
      "sequence":2,
      "event_type":"grid",
      "event_order":"1",
      "event_id":14730,
      "event_description":"Griglia",
      "date":"09-10-2004",
      "date_to_print":"09 Ott 2004",
      "time":"00:00",
      "time_local":"00:00",
      "specialty":"MOTOGP",
      "current":"no",
      "status":"ended",
      "status_description":"Disputata",
      "results_file":"14730.json"
    },
    {
      "sequence":3,
      "event_type":"race",
      "event_order":"1",
      "event_id":14729,
      "event_description":"Gara",
      "date":"10-10-2004",
      "date_to_print":"10 Ott 2004",
      "time":"08:00",
      "time_local":"14:00",
      "specialty":"MOTOGP",
      "current":"yes",
      "status":"ended",
      "status_description":"Disputata",
      "results_file":"14729.json"
    }
  ]
}
