{
  "competition_id":"41",
  "competition_name":"CAMPIONATO MOND.LE PISTA",
  "competition_short_name":"MOTOMONDIALE",
  "edition_id":"1033",
  "edition_name":"2007",
  "event_type":"practice",
  "event_id":19387,
  "event_description":"Libere 2 Gp Rep. Ceca",
  "date":"17-08-2007",
  "date_to_print":"17 Ago 2007",
  "time":"14:00",
  "time_local":"14:00",
  "specialty":"MOTOGP",
  "status":"ended",
  "status_description":"Disputata",
  "standing":[
    {
      "position":"1",
      "driver_nbr":"50",
      "driver_id":"517566",
      "driver_label":"Guintoli S.",
      "driver_name":"Sylvain",
      "driver_surname":"Guintoli",
      "driver_team_id":"20487",
      "driver_team":"Yamaha",
      "driver_country_id":"FRA",
      "driver_country":"Francia",
      "retiredstatus":"",
      "retirednote":"",
      "laps":"",
      "time":"1:58:362",
      "gap":"",
      "points":"-",
      "pit_stop":"0"
    },
    {
      "position":"2",
      "driver_nbr":"27",
      "driver_id":"518050",
      "driver_label":"Stoner C.",
      "driver_name":"Casey",
      "driver_surname":"Stoner",
      "driver_team_id":"20008",
      "driver_team":"Ducati",
      "driver_country_id":"AUS",
      "driver_country":"Australia",
      "retiredstatus":"",
      "retirednote":"",
      "laps":"",
      "time":"1:58:568",
      "gap":"+0:206",
      "points":"-",
      "pit_stop":"0"
    },
    {
      "position":"3",
      "driver_nbr":"21",
      "driver_id":"518403",
      "driver_label":"Hopkins J.",
      "driver_name":"John",
      "driver_surname":"Hopkins",
      "driver_team_id":"20488",
      "driver_team":"SUZUKI",
      "driver_country_id":"USA",
      "driver_country":"Stati Uniti",
      "retiredstatus":"",
      "retirednote":"",
      "laps":"",
      "time":"1:58:868",
      "gap":"+0:506",
      "points":"-",
      "pit_stop":"0"
    },
    {
      "position":"4",
      "driver_nbr":"65",
      "driver_id":"510933",
      "driver_label":"Capirossi L.",
      "driver_name":"Loris",
      "driver_surname":"Capirossi",
      "driver_team_id":"20008",
      "driver_team":"Ducati",
      "driver_country_id":"ITA",
      "driver_country":"Italia",
      "retiredstatus":"",
      "retirednote":"",
      "laps":"",
      "time":"1:58:969",
      "gap":"+0:607",
      "points":"-",
      "pit_stop":"0"
    },
    {
      "position":"5",
      "driver_nbr":"17",
      "driver_id":"512383",
      "driver_label":"De Puniet R.",
      "driver_name":"Randy",
      "driver_surname":"De Puniet",
      "driver_team_id":"20206",
      "driver_team":"Kawasaki",
      "driver_country_id":"FRA",
      "driver_country":"Francia",
      "retiredstatus":"",
      "retirednote":"",
      "laps":"",
      "time":"1:59:064",
      "gap":"+0:702",
      "points":"-",
      "pit_stop":"0"
    },
    {
      "position":"6",
      "driver_nbr":"46",
      "driver_id":"511282",
      "driver_label":"Rossi V.",
      "driver_name":"Valentino",
      "driver_surname":"Rossi",
      "driver_team_id":"20487",
      "driver_team":"Yamaha",
      "driver_country_id":"ITA",
      "driver_country":"Italia",
      "retiredstatus":"",
      "retirednote":"",
      "laps":"",
      "time":"1:59:176",
      "gap":"+0:814",
      "points":"-",
      "pit_stop":"0"
    },
    {
      "position":"7",
      "driver_nbr":"26",
      "driver_id":"517745",
      "driver_label":"Pedrosa D.",
      "driver_name":"Daniel",
      "driver_surname":"Pedrosa",
      "driver_team_id":"20486",
      "driver_team":"HONDA",
      "driver_country_id":"ESP",
      "driver_country":"Spagna",
      "retiredstatus":"",
      "retirednote":"",
      "laps":"",
      "time":"1:59:266",
      "gap":"+0:904",
      "points":"-",
      "pit_stop":"0"
    },
    {
      "position":"8",
      "driver_nbr":"1",
      "driver_id":"518556",
      "driver_label":"Hayden N.",
      "driver_name":"Nicky",
      "driver_surname":"Hayden",
      "driver_team_id":"20486",
      "driver_team":"HONDA",
      "driver_country_id":"USA",
      "driver_country":"Stati Uniti",
      "retiredstatus":"",
      "retirednote":"",
      "laps":"",
      "time":"1:59:466",
      "gap":"+1:104",
      "points":"-",
      "pit_stop":"0"
    },
    {
      "position":"9",
      "driver_nbr":"6",
      "driver_id":"517718",
      "driver_label":"Tamada M.",
      "driver_name":"Makoto",
      "driver_surname":"Tamada",
      "driver_team_id":"20487",
      "driver_team":"Yamaha",
      "driver_country_id":"JPN",
      "driver_country":"Giappone",
      "retiredstatus":"",
      "retirednote":"",
      "laps":"",
      "time":"1:59:494",
      "gap":"+1:132",
      "points":"-",
      "pit_stop":"0"
    },
    {
      "position":"10",
      "driver_nbr":"71",
      "driver_id":"520098",
      "driver_label":"Vermeulen C.",
      "driver_name":"Chris",
      "driver_surname":"Vermeulen",
      "driver_team_id":"20488",
      "driver_team":"SUZUKI",
      "driver_country_id":"AUS",
      "driver_country":"Australia",
      "retiredstatus":"",
      "retirednote":"",
      "laps":"",
      "time":"1:59:508",
      "gap":"+1:146",
      "points":"-",
      "pit_stop":"0"
    },
    {
      "position":"11",
      "driver_nbr":"4",
      "driver_id":"510914",
      "driver_label":"Barros A.",
      "driver_name":"Alex",
      "driver_surname":"Barros",
      "driver_team_id":"20008",
      "driver_team":"Ducati",
      "driver_country_id":"BRA",
      "driver_country":"Brasile",
      "retiredstatus":"",
      "retirednote":"",
      "laps":"",
      "time":"1:59:738",
      "gap":"+1:376",
      "points":"-",
      "pit_stop":"0"
    },
    {
      "position":"12",
      "driver_nbr":"7",
      "driver_id":"511191",
      "driver_label":"Checa C.",
      "driver_name":"Carlos",
      "driver_surname":"Checa",
      "driver_team_id":"20486",
      "driver_team":"HONDA",
      "driver_country_id":"ESP",
      "driver_country":"Spagna",
      "retiredstatus":"",
      "retirednote":"",
      "laps":"",
      "time":"1:59:857",
      "gap":"+1:495",
      "points":"-",
      "pit_stop":"0"
    },
    {
      "position":"13",
      "driver_nbr":"5",
      "driver_id":"511440",
      "driver_label":"Edwards C.",
      "driver_name":"Colin",
      "driver_surname":"Edwards",
      "driver_team_id":"20487",
      "driver_team":"Yamaha",
      "driver_country_id":"USA",
      "driver_country":"Stati Uniti",
      "retiredstatus":"",
      "retirednote":"",
      "laps":"",
      "time":"2:00:001",
      "gap":"+1:639",
      "points":"-",
      "pit_stop":"0"
    },
    {
      "position":"14",
      "driver_nbr":"24",
      "driver_id":"517647",
      "driver_label":"Elias T.",
      "driver_name":"Toni",
      "driver_surname":"Elias",
      "driver_team_id":"20486",
      "driver_team":"HONDA",
      "driver_country_id":"ESP",
      "driver_country":"Spagna",
      "retiredstatus":"",
      "retirednote":"",
      "laps":"",
      "time":"2:00:271",
      "gap":"+1:909",
      "points":"-",
      "pit_stop":"0"
    },
    {
      "position":"15",
      "driver_nbr":"13",
      "driver_id":"512984",
      "driver_label":"West A.",
      "driver_name":"Anthony",
      "driver_surname":"West",
      "driver_team_id":"20206",
      "driver_team":"Kawasaki",
      "driver_country_id":"AUS",
      "driver_country":"Australia",
      "retiredstatus":"",
      "retirednote":"",
      "laps":"",
      "time":"2:00:398",
      "gap":"+2:036",
      "points":"-",
      "pit_stop":"0"
    },
    {
      "position":"16",
      "driver_nbr":"56",
      "driver_id":"512216",
      "driver_label":"Nakano S.",
      "driver_name":"Shinya",
      "driver_surname":"Nakano",
      "driver_team_id":"20486",
      "driver_team":"HONDA",
      "driver_country_id":"JPN",
      "driver_country":"Giappone",
      "retiredstatus":"",
      "retirednote":"",
      "laps":"",
      "time":"2:00:793",
      "gap":"+2:431",
      "points":"-",
      "pit_stop":"0"
    },
    {
      "position":"17",
      "driver_nbr":"80",
      "driver_id":"517733",
      "driver_label":"Roberts K.",
      "driver_name":"Kurtis",
      "driver_surname":"Roberts",
      "driver_team_id":"21023",
      "driver_team":"KR212V",
      "driver_country_id":"USA",
      "driver_country":"Stati Uniti",
      "retiredstatus":"",
      "retirednote":"",
      "laps":"",
      "time":"2:01:725",
      "gap":"+3:363",
      "points":"-",
      "pit_stop":"0"
    },
    {
      "position":"18",
      "driver_nbr":"22",
      "driver_id":"517565",
      "driver_label":"Silva I.",
      "driver_name":"Ivan",
      "driver_surname":"Silva",
      "driver_team_id":"20008",
      "driver_team":"Ducati",
      "driver_country_id":"ESP",
      "driver_country":"Spagna",
      "retiredstatus":"",
      "retirednote":"",
      "laps":"",
      "time":"2:01:854",
      "gap":"+3:492",
      "points":"-",
      "pit_stop":"0"
    }
  ]
}
