{
  "competition_id":"41",
  "competition_name":"CAMPIONATO MOND.LE PISTA",
  "competition_short_name":"MOTOMONDIALE",
  "edition_id":"1033",
  "edition_name":"2007",
  "event_id":18545,
  "event_description":"GP Repubblica Ceca",
  "date_start":"17-08-2007",
  "date_end":"19-08-2007",
  "items":[
    {
      "sequence":1,
      "event_type":"practice",
      "event_order":"1",
      "event_id":19384,
      "event_description":"Libere 1 Gp Rep. Ceca",
      "date":"17-08-2007",
      "date_to_print":"17 Ago 2007",
      "time":"10:05",
      "time_local":"10:05",
      "specialty":"MOTOGP",
      "current":"no",
      "status":"ended",
      "status_description":"Disputata",
      "results_file":"19384.json"
    },
    {
      "sequence":2,
      "event_type":"practice",
      "event_order":"2",
      "event_id":19387,
      "event_description":"Libere 2 Gp Rep. Ceca",
      "date":"17-08-2007",
      "date_to_print":"17 Ago 2007",
      "time":"14:00",
      "time_local":"14:00",
      "specialty":"MOTOGP",
      "current":"no",
      "status":"ended",
      "status_description":"Disputata",
      "results_file":"19387.json"
    },
    {
      "sequence":3,
      "event_type":"practice",
      "event_order":"3",
      "event_id":19388,
      "event_description":"Libere 3 Gp Rep. Ceca",
      "date":"18-08-2007",
      "date_to_print":"18 Ago 2007",
      "time":"10:00",
      "time_local":"10:00",
      "specialty":"MOTOGP",
      "current":"no",
      "status":"ended",
      "status_description":"Disputata",
      "results_file":"19388.json"
    },
    {
      "sequence":4,
      "event_type":"grid",
      "event_order":"1",
      "event_id":18548,
      "event_description":"Griglia",
      "date":"18-08-2007",
      "date_to_print":"18 Ago 2007",
      "time":"14:00",
      "time_local":"14:00",
      "specialty":"MOTOGP",
      "current":"no",
      "status":"ended",
      "status_description":"Disputata",
      "results_file":"18548.json"
    },
    {
      "sequence":5,
      "event_type":"race",
      "event_order":"1",
      "event_id":18545,
      "event_description":"Gara",
      "date":"19-08-2007",
      "date_to_print":"19 Ago 2007",
      "time":"14:00",
      "time_local":"14:00",
      "specialty":"MOTOGP",
      "current":"yes",
      "status":"ended",
      "status_description":"Disputata",
      "results_file":"18545.json"
    }
  ]
}
