{
  "competition_id":"41",
  "competition_name":"CAMPIONATO MOND.LE PISTA",
  "competition_short_name":"MOTOMONDIALE",
  "edition_id":"865",
  "edition_name":"2003",
  "event_type":"race",
  "event_id":13527,
  "event_description":"Gara",
  "date":"19-10-2003",
  "date_to_print":"19 Ott 2003",
  "time":"06:00",
  "time_local":"14:00",
  "specialty":"MOTOGP",
  "status":"ended",
  "status_description":"Disputata",
  "standing":[
    {
      "position":"1",
      "driver_nbr":"46",
      "driver_id":"511282",
      "driver_label":"Rossi V.",
      "driver_name":"Valentino",
      "driver_surname":"Rossi",
      "driver_team_id":"20486",
      "driver_team":"HONDA",
      "driver_country_id":"ITA",
      "driver_country":"Italia",
      "retiredstatus":"",
      "retirednote":"",
      "laps":"",
      "time":"41:53:543",
      "gap":"",
      "points":"25",
      "pit_stop":"0"
    },
    {
      "position":"2",
      "driver_nbr":"65",
      "driver_id":"510933",
      "driver_label":"Capirossi L.",
      "driver_name":"Loris",
      "driver_surname":"Capirossi",
      "driver_team_id":"20008",
      "driver_team":"Ducati",
      "driver_country_id":"ITA",
      "driver_country":"Italia",
      "retiredstatus":"",
      "retirednote":"",
      "laps":"",
      "time":"41:58:755",
      "gap":"+5:212",
      "points":"20",
      "pit_stop":"0"
    },
    {
      "position":"3",
      "driver_nbr":"69",
      "driver_id":"518556",
      "driver_label":"Hayden N.",
      "driver_name":"Nicky",
      "driver_surname":"Hayden",
      "driver_team_id":"20486",
      "driver_team":"HONDA",
      "driver_country_id":"USA",
      "driver_country":"Stati Uniti",
      "retiredstatus":"",
      "retirednote":"",
      "laps":"",
      "time":"42:05:582",
      "gap":"+12:039",
      "points":"16",
      "pit_stop":"0"
    },
    {
      "position":"4",
      "driver_nbr":"15",
      "driver_id":"511337",
      "driver_label":"Gibernau S.",
      "driver_name":"Sete",
      "driver_surname":"Gibernau",
      "driver_team_id":"20486",
      "driver_team":"HONDA",
      "driver_country_id":"ESP",
      "driver_country":"Spagna",
      "retiredstatus":"",
      "retirednote":"",
      "laps":"",
      "time":"42:05:613",
      "gap":"+12:070",
      "points":"13",
      "pit_stop":"0"
    },
    {
      "position":"5",
      "driver_nbr":"11",
      "driver_id":"511225",
      "driver_label":"Ukawa T.",
      "driver_name":"Tohru",
      "driver_surname":"Ukawa",
      "driver_team_id":"20486",
      "driver_team":"HONDA",
      "driver_country_id":"JPN",
      "driver_country":"Giappone",
      "retiredstatus":"",
      "retirednote":"",
      "laps":"",
      "time":"42:05:837",
      "gap":"+12:294",
      "points":"11",
      "pit_stop":"0"
    },
    {
      "position":"6",
      "driver_nbr":"19",
      "driver_id":"511227",
      "driver_label":"Jacque O.",
      "driver_name":"Olivier",
      "driver_surname":"Jacque",
      "driver_team_id":"20487",
      "driver_team":"Yamaha",
      "driver_country_id":"FRA",
      "driver_country":"Francia",
      "retiredstatus":"",
      "retirednote":"",
      "laps":"",
      "time":"42:21:560",
      "gap":"+28:017",
      "points":"10",
      "pit_stop":"0"
    },
    {
      "position":"7",
      "driver_nbr":"56",
      "driver_id":"512216",
      "driver_label":"Nakano S.",
      "driver_name":"Shinya",
      "driver_surname":"Nakano",
      "driver_team_id":"20487",
      "driver_team":"Yamaha",
      "driver_country_id":"JPN",
      "driver_country":"Giappone",
      "retiredstatus":"",
      "retirednote":"",
      "laps":"",
      "time":"42:21:587",
      "gap":"+28:044",
      "points":"9",
      "pit_stop":"0"
    },
    {
      "position":"8",
      "driver_nbr":"7",
      "driver_id":"511191",
      "driver_label":"Checa C.",
      "driver_name":"Carlos",
      "driver_surname":"Checa",
      "driver_team_id":"20487",
      "driver_team":"Yamaha",
      "driver_country_id":"ESP",
      "driver_country":"Spagna",
      "retiredstatus":"",
      "retirednote":"",
      "laps":"",
      "time":"42:33:655",
      "gap":"+40:112",
      "points":"8",
      "pit_stop":"0"
    },
    {
      "position":"9",
      "driver_nbr":"10",
      "driver_id":"511074",
      "driver_label":"Roberts Jr K.",
      "driver_name":"Kenny",
      "driver_surname":"Roberts Jr",
      "driver_team_id":"20488",
      "driver_team":"SUZUKI",
      "driver_country_id":"USA",
      "driver_country":"Stati Uniti",
      "retiredstatus":"",
      "retirednote":"",
      "laps":"",
      "time":"42:34:953",
      "gap":"+41:410",
      "points":"7",
      "pit_stop":"0"
    },
    {
      "position":"10",
      "driver_nbr":"6",
      "driver_id":"517718",
      "driver_label":"Tamada M.",
      "driver_name":"Makoto",
      "driver_surname":"Tamada",
      "driver_team_id":"20486",
      "driver_team":"HONDA",
      "driver_country_id":"JPN",
      "driver_country":"Giappone",
      "retiredstatus":"",
      "retirednote":"",
      "laps":"",
      "time":"42:43:445",
      "gap":"+49:902",
      "points":"6",
      "pit_stop":"0"
    },
    {
      "position":"11",
      "driver_nbr":"99",
      "driver_id":"511177",
      "driver_label":"Mc Williams J.",
      "driver_name":"Jeremy",
      "driver_surname":"Mc Williams",
      "driver_team_id":"20710",
      "driver_team":"Proton",
      "driver_country_id":"GBR",
      "driver_country":"Gran Bretagna",
      "retiredstatus":"",
      "retirednote":"",
      "laps":"",
      "time":"42:44:803",
      "gap":"+51:260",
      "points":"5",
      "pit_stop":"0"
    },
    {
      "position":"12",
      "driver_nbr":"21",
      "driver_id":"518403",
      "driver_label":"Hopkins J.",
      "driver_name":"John",
      "driver_surname":"Hopkins",
      "driver_team_id":"20488",
      "driver_team":"SUZUKI",
      "driver_country_id":"USA",
      "driver_country":"Stati Uniti",
      "retiredstatus":"",
      "retirednote":"",
      "laps":"",
      "time":"42:47:644",
      "gap":"+54:101",
      "points":"4",
      "pit_stop":"0"
    },
    {
      "position":"13",
      "driver_nbr":"8",
      "driver_id":"511018",
      "driver_label":"Mc Coy G.",
      "driver_name":"Garry",
      "driver_surname":"Mc Coy",
      "driver_team_id":"20206",
      "driver_team":"Kawasaki",
      "driver_country_id":"AUS",
      "driver_country":"Australia",
      "retiredstatus":"",
      "retirednote":"",
      "laps":"",
      "time":"42:48:322",
      "gap":"+54:779",
      "points":"3",
      "pit_stop":"0"
    },
    {
      "position":"14",
      "driver_nbr":"41",
      "driver_id":"511295",
      "driver_label":"Haga N.",
      "driver_name":"Noriyuki",
      "driver_surname":"Haga",
      "driver_team_id":"20489",
      "driver_team":"Aprilia",
      "driver_country_id":"JPN",
      "driver_country":"Giappone",
      "retiredstatus":"",
      "retirednote":"",
      "laps":"",
      "time":"42:55:063",
      "gap":"+1:01:520",
      "points":"2",
      "pit_stop":"0"
    },
    {
      "position":"15",
      "driver_nbr":"88",
      "driver_id":"518579",
      "driver_label":"Pitt A.",
      "driver_name":"Andrew",
      "driver_surname":"Pitt",
      "driver_team_id":"20206",
      "driver_team":"Kawasaki",
      "driver_country_id":"AUS",
      "driver_country":"Australia",
      "retiredstatus":"",
      "retirednote":"",
      "laps":"",
      "time":"42:59:623",
      "gap":"+1:06:080",
      "points":"1",
      "pit_stop":"0"
    },
    {
      "position":"16",
      "driver_nbr":"45",
      "driver_id":"511440",
      "driver_label":"Edwards C.",
      "driver_name":"Colin",
      "driver_surname":"Edwards",
      "driver_team_id":"20489",
      "driver_team":"Aprilia",
      "driver_country_id":"USA",
      "driver_country":"Stati Uniti",
      "retiredstatus":"",
      "retirednote":"",
      "laps":"",
      "time":"43:00:173",
      "gap":"+1:06:630",
      "points":"-",
      "pit_stop":"0"
    },
    {
      "position":"17",
      "driver_nbr":"3",
      "driver_id":"510919",
      "driver_label":"Biaggi M.",
      "driver_name":"Massimiliano",
      "driver_surname":"Biaggi",
      "driver_team_id":"20486",
      "driver_team":"HONDA",
      "driver_country_id":"ITA",
      "driver_country":"Italia",
      "retiredstatus":"",
      "retirednote":"",
      "laps":"",
      "time":"43:07:546",
      "gap":"+1:14:003",
      "points":"-",
      "pit_stop":"0"
    },
    {
      "position":"18",
      "driver_nbr":"23",
      "driver_id":"519461",
      "driver_label":"Kiyonari R.",
      "driver_name":"Ryuichi",
      "driver_surname":"Kiyonari",
      "driver_team_id":"20486",
      "driver_team":"HONDA",
      "driver_country_id":"JPN",
      "driver_country":"Giappone",
      "retiredstatus":"",
      "retirednote":"",
      "laps":"",
      "time":"",
      "gap":"1 giro",
      "points":"-",
      "pit_stop":"0"
    },
    {
      "position":"19",
      "driver_nbr":"35",
      "driver_id":"517736",
      "driver_label":"Burns C.",
      "driver_name":"Chris",
      "driver_surname":"Burns",
      "driver_team_id":"20436",
      "driver_team":"Roc Yamaha",
      "driver_country_id":"GBR",
      "driver_country":"Gran Bretagna",
      "retiredstatus":"",
      "retirednote":"",
      "laps":"",
      "time":"",
      "gap":"1 giro",
      "points":"-",
      "pit_stop":"0"
    },
    {
      "position":"",
      "driver_nbr":"24",
      "driver_id":"512433",
      "driver_label":"De Gea J.",
      "driver_name":"Jose' David",
      "driver_surname":"De Gea",
      "driver_team_id":"20695",
      "driver_team":"Sabre V4",
      "driver_country_id":"ESP",
      "driver_country":"Spagna",
      "retiredstatus":"RITIR",
      "retirednote":"Al giro 1",
      "laps":"1",
      "time":"",
      "gap":"",
      "points":"-",
      "pit_stop":"0"
    },
    {
      "position":"",
      "driver_nbr":"12",
      "driver_id":"515230",
      "driver_label":"Bayliss T.",
      "driver_name":"Troy",
      "driver_surname":"Bayliss",
      "driver_team_id":"20008",
      "driver_team":"Ducati",
      "driver_country_id":"AUS",
      "driver_country":"Australia",
      "retiredstatus":"RITIR",
      "retirednote":"Al giro 3",
      "laps":"3",
      "time":"",
      "gap":"",
      "points":"-",
      "pit_stop":"0"
    },
    {
      "position":"",
      "driver_nbr":"4",
      "driver_id":"510914",
      "driver_label":"Barros A.",
      "driver_name":"Alex",
      "driver_surname":"Barros",
      "driver_team_id":"20487",
      "driver_team":"Yamaha",
      "driver_country_id":"BRA",
      "driver_country":"Brasile",
      "retiredstatus":"RITIR",
      "retirednote":"Al giro 9",
      "laps":"9",
      "time":"",
      "gap":"",
      "points":"-",
      "pit_stop":"0"
    },
    {
      "position":"",
      "driver_nbr":"33",
      "driver_id":"511664",
      "driver_label":"Melandri M.",
      "driver_name":"Marco",
      "driver_surname":"Melandri",
      "driver_team_id":"20487",
      "driver_team":"Yamaha",
      "driver_country_id":"ITA",
      "driver_country":"Italia",
      "retiredstatus":"RITIR",
      "retirednote":"Al giro 14",
      "laps":"14",
      "time":"",
      "gap":"",
      "points":"-",
      "pit_stop":"0"
    },
    {
      "position":"",
      "driver_nbr":"9",
      "driver_id":"511192",
      "driver_label":"Aoki N.",
      "driver_name":"Nobuatsu",
      "driver_surname":"Aoki",
      "driver_team_id":"20710",
      "driver_team":"Proton",
      "driver_country_id":"JPN",
      "driver_country":"Giappone",
      "retiredstatus":"RITIR",
      "retirednote":"Al giro 26",
      "laps":"26",
      "time":"",
      "gap":"",
      "points":"-",
      "pit_stop":"0"
    }
  ]
}
