{
  "competition_id":"41",
  "competition_name":"CAMPIONATO MOND.LE PISTA",
  "competition_short_name":"MOTOMONDIALE",
  "edition_id":"865",
  "edition_name":"2003",
  "event_id":13527,
  "event_description":"GP Australia",
  "date_start":"17-10-2003",
  "date_end":"19-10-2003",
  "items":[
    {
      "sequence":1,
      "event_type":"practice",
      "event_order":"1",
      "event_id":13529,
      "event_description":"PROVE VENERDI' GP AUSTRALIA",
      "date":"17-10-2003",
      "date_to_print":"17 Ott 2003",
      "time":"00:00",
      "time_local":"00:00",
      "specialty":"MOTOGP",
      "current":"no",
      "status":"ended",
      "status_description":"Disputata",
      "results_file":"13529.json"
    },
    {
      "sequence":2,
      "event_type":"grid",
      "event_order":"1",
      "event_id":13528,
      "event_description":"Griglia",
      "date":"18-10-2003",
      "date_to_print":"18 Ott 2003",
      "time":"00:00",
      "time_local":"00:00",
      "specialty":"MOTOGP",
      "current":"no",
      "status":"ended",
      "status_description":"Disputata",
      "results_file":"13528.json"
    },
    {
      "sequence":3,
      "event_type":"race",
      "event_order":"1",
      "event_id":13527,
      "event_description":"Gara",
      "date":"19-10-2003",
      "date_to_print":"19 Ott 2003",
      "time":"06:00",
      "time_local":"14:00",
      "specialty":"MOTOGP",
      "current":"yes",
      "status":"ended",
      "status_description":"Disputata",
      "results_file":"13527.json"
    }
  ]
}
