{
  "competition_id":"41",
  "competition_name":"CAMPIONATO MOND.LE PISTA",
  "competition_short_name":"MOTOMONDIALE",
  "edition_id":"1014",
  "edition_name":"2006",
  "event_id":17181,
  "event_description":"GP Olanda",
  "date_start":"22-06-2006",
  "date_end":"24-06-2006",
  "items":[
    {
      "sequence":1,
      "event_type":"practice",
      "event_order":"1",
      "event_id":17580,
      "event_description":"Libere 1 GP Olanda",
      "date":"22-06-2006",
      "date_to_print":"22 Giu 2006",
      "time":"09:25",
      "time_local":"09:25",
      "specialty":"MOTOGP",
      "current":"no",
      "status":"ended",
      "status_description":"Disputata",
      "results_file":"17580.json"
    },
    {
      "sequence":2,
      "event_type":"practice",
      "event_order":"2",
      "event_id":17582,
      "event_description":"Libere 2 GP Olanda",
      "date":"22-06-2006",
      "date_to_print":"22 Giu 2006",
      "time":"14:00",
      "time_local":"14:00",
      "specialty":"MOTOGP",
      "current":"no",
      "status":"ended",
      "status_description":"Disputata",
      "results_file":"17582.json"
    },
    {
      "sequence":3,
      "event_type":"practice",
      "event_order":"3",
      "event_id":17584,
      "event_description":"Libere 3 GP Olanda",
      "date":"23-06-2006",
      "date_to_print":"23 Giu 2006",
      "time":"10:00",
      "time_local":"10:00",
      "specialty":"MOTOGP",
      "current":"no",
      "status":"ended",
      "status_description":"Disputata",
      "results_file":"17584.json"
    },
    {
      "sequence":4,
      "event_type":"grid",
      "event_order":"1",
      "event_id":17180,
      "event_description":"Griglia",
      "date":"23-06-2006",
      "date_to_print":"23 Giu 2006",
      "time":"14:00",
      "time_local":"14:00",
      "specialty":"MOTOGP",
      "current":"no",
      "status":"ended",
      "status_description":"Disputata",
      "results_file":"17180.json"
    },
    {
      "sequence":5,
      "event_type":"race",
      "event_order":"1",
      "event_id":17181,
      "event_description":"Gara",
      "date":"24-06-2006",
      "date_to_print":"24 Giu 2006",
      "time":"14:00",
      "time_local":"14:00",
      "specialty":"MOTOGP",
      "current":"yes",
      "status":"ended",
      "status_description":"Disputata",
      "results_file":"17181.json"
    }
  ]
}
