{
  "competition_id":"41",
  "competition_name":"CAMPIONATO MOND.LE PISTA",
  "competition_short_name":"MOTOMONDIALE",
  "edition_id":"911",
  "edition_name":"2004",
  "event_id":14753,
  "event_description":"GP Olanda",
  "date_start":"24-06-2004",
  "date_end":"26-06-2004",
  "items":[
    {
      "sequence":1,
      "event_type":"practice",
      "event_order":"1",
      "event_id":14755,
      "event_description":"PROVE VENERDI' GP OLANDA",
      "date":"24-06-2004",
      "date_to_print":"24 Giu 2004",
      "time":"00:00",
      "time_local":"00:00",
      "specialty":"MOTOGP",
      "current":"no",
      "status":"ended",
      "status_description":"Disputata",
      "results_file":"14755.json"
    },
    {
      "sequence":2,
      "event_type":"grid",
      "event_order":"1",
      "event_id":14754,
      "event_description":"Griglia",
      "date":"25-06-2004",
      "date_to_print":"25 Giu 2004",
      "time":"00:00",
      "time_local":"00:00",
      "specialty":"MOTOGP",
      "current":"no",
      "status":"ended",
      "status_description":"Disputata",
      "results_file":"14754.json"
    },
    {
      "sequence":3,
      "event_type":"race",
      "event_order":"1",
      "event_id":14753,
      "event_description":"Gara",
      "date":"26-06-2004",
      "date_to_print":"26 Giu 2004",
      "time":"15:00",
      "time_local":"15:00",
      "specialty":"MOTOGP",
      "current":"yes",
      "status":"ended",
      "status_description":"Disputata",
      "results_file":"14753.json"
    }
  ]
}
