{
  "competition_id":"41",
  "competition_name":"CAMPIONATO MOND.LE PISTA",
  "competition_short_name":"MOTOMONDIALE",
  "edition_id":"808",
  "edition_name":"2002",
  "event_id":12493,
  "event_description":"GP Spagna",
  "date_start":"03-05-2002",
  "date_end":"05-05-2002",
  "items":[
    {
      "sequence":1,
      "event_type":"practice",
      "event_order":"1",
      "event_id":12410,
      "event_description":"PROVE VENERDI' GP SPAGNA",
      "date":"03-05-2002",
      "date_to_print":"03 Mag 2002",
      "time":"00:00",
      "time_local":"00:00",
      "specialty":"MOTOGP",
      "current":"no",
      "status":"ended",
      "status_description":"Disputata",
      "results_file":"12410.json"
    },
    {
      "sequence":2,
      "event_type":"grid",
      "event_order":"1",
      "event_id":12508,
      "event_description":"Griglia",
      "date":"04-05-2002",
      "date_to_print":"04 Mag 2002",
      "time":"00:00",
      "time_local":"00:00",
      "specialty":"MOTOGP",
      "current":"no",
      "status":"ended",
      "status_description":"Disputata",
      "results_file":"12508.json"
    },
    {
      "sequence":3,
      "event_type":"race",
      "event_order":"1",
      "event_id":12493,
      "event_description":"Gara",
      "date":"05-05-2002",
      "date_to_print":"05 Mag 2002",
      "time":"14:00",
      "time_local":"14:00",
      "specialty":"MOTOGP",
      "current":"yes",
      "status":"ended",
      "status_description":"Disputata",
      "results_file":"12493.json"
    }
  ]
}
