{
  "competition_id":"41",
  "competition_name":"CAMPIONATO MOND.LE PISTA",
  "competition_short_name":"MOTOMONDIALE",
  "edition_id":"865",
  "edition_name":"2003",
  "event_id":13443,
  "event_description":"GP Giappone",
  "date_start":"04-04-2003",
  "date_end":"06-04-2003",
  "items":[
    {
      "sequence":1,
      "event_type":"practice",
      "event_order":"1",
      "event_id":13445,
      "event_description":"PROVE VENERDI' GP GIAPPONE",
      "date":"04-04-2003",
      "date_to_print":"04 Apr 2003",
      "time":"00:00",
      "time_local":"00:00",
      "specialty":"MOTOGP",
      "current":"no",
      "status":"ended",
      "status_description":"Disputata",
      "results_file":"13445.json"
    },
    {
      "sequence":2,
      "event_type":"grid",
      "event_order":"1",
      "event_id":13444,
      "event_description":"Griglia",
      "date":"05-04-2003",
      "date_to_print":"05 Apr 2003",
      "time":"00:00",
      "time_local":"00:00",
      "specialty":"MOTOGP",
      "current":"no",
      "status":"ended",
      "status_description":"Disputata",
      "results_file":"13444.json"
    },
    {
      "sequence":3,
      "event_type":"race",
      "event_order":"1",
      "event_id":13443,
      "event_description":"Gara",
      "date":"06-04-2003",
      "date_to_print":"06 Apr 2003",
      "time":"07:00",
      "time_local":"14:00",
      "specialty":"MOTOGP",
      "current":"yes",
      "status":"ended",
      "status_description":"Disputata",
      "results_file":"13443.json"
    }
  ]
}
