{
  "competition_id":"41",
  "competition_name":"CAMPIONATO MOND.LE PISTA",
  "competition_short_name":"MOTOMONDIALE",
  "edition_id":"911",
  "edition_name":"2004",
  "event_id":14750,
  "event_description":"GP Brasile",
  "date_start":"02-07-2004",
  "date_end":"04-07-2004",
  "items":[
    {
      "sequence":1,
      "event_type":"practice",
      "event_order":"1",
      "event_id":14752,
      "event_description":"PROVE VENERDI' GP BRASILE",
      "date":"02-07-2004",
      "date_to_print":"02 Lug 2004",
      "time":"00:00",
      "time_local":"00:00",
      "specialty":"MOTOGP",
      "current":"no",
      "status":"ended",
      "status_description":"Disputata",
      "results_file":"14752.json"
    },
    {
      "sequence":2,
      "event_type":"grid",
      "event_order":"1",
      "event_id":14751,
      "event_description":"Griglia",
      "date":"03-07-2004",
      "date_to_print":"03 Lug 2004",
      "time":"00:00",
      "time_local":"00:00",
      "specialty":"MOTOGP",
      "current":"no",
      "status":"ended",
      "status_description":"Disputata",
      "results_file":"14751.json"
    },
    {
      "sequence":3,
      "event_type":"race",
      "event_order":"1",
      "event_id":14750,
      "event_description":"Gara",
      "date":"04-07-2004",
      "date_to_print":"04 Lug 2004",
      "time":"19:00",
      "time_local":"14:00",
      "specialty":"MOTOGP",
      "current":"yes",
      "status":"ended",
      "status_description":"Disputata",
      "results_file":"14750.json"
    }
  ]
}
