{
  "id":"63",
  "name":"DONINGTON PARK",
  "city":"DONINGTON",
  "country_id":"GBR",
  "country":"Gran Bretagna",
  "length":"4023",
  "bends":"11 (4 a sinistra, 7 a destra)",
  "foundation_year":"1931",
  "records":[
    {
      "type":"stage-fastest-lap",
      "year":"2006",
      "id":"517745",
      "label":"Pedrosa D.",
      "name":"Daniel",
      "surname":"Pedrosa",
      "team":"Honda",
      "country_id":"ESP",
      "country":"Spagna",
      "time":"1:27:676",
      "average_speed":"165,185",
      "description":"D. Pedrosa - Honda - 165,185 km/h - 2006"
    },
    {
      "type":"race-fastest-lap",
      "year":"2006",
      "id":"517745",
      "label":"Pedrosa D.",
      "name":"Daniel",
      "surname":"Pedrosa",
      "team":"Honda",
      "country_id":"ESP",
      "country":"Spagna",
      "time":"1:28:714",
      "average_speed":"163,252",
      "description":"D. Pedrosa - Honda - 163,252 km/h - 2006"
    },
    {
      "type":"race-best-time",
      "year":"",
      "id":"",
      "label":"",
      "name":"",
      "surname":"",
      "team":"",
      "country_id":"",
      "country":"",
      "time":"",
      "average_speed":"",
      "description":"Non disponibile"
  }
  ]
}
