{
  "competition_id":"41",
  "competition_name":"CAMPIONATO MOND.LE PISTA",
  "competition_short_name":"MOTOMONDIALE",
  "edition_id":"808",
  "edition_name":"2002",
  "event_id":12448,
  "event_description":"GP Gran Bretagna",
  "date_start":"12-07-2002",
  "date_end":"14-07-2002",
  "items":[
    {
      "sequence":1,
      "event_type":"practice",
      "event_order":"1",
      "event_id":12389,
      "event_description":"PROVE VENERDI' GP GRAN BRETAGN",
      "date":"12-07-2002",
      "date_to_print":"12 Lug 2002",
      "time":"00:00",
      "time_local":"00:00",
      "specialty":"MOTOGP",
      "current":"no",
      "status":"ended",
      "status_description":"Disputata",
      "results_file":"12389.json"
    },
    {
      "sequence":2,
      "event_type":"grid",
      "event_order":"1",
      "event_id":12487,
      "event_description":"Griglia",
      "date":"13-07-2002",
      "date_to_print":"13 Lug 2002",
      "time":"00:00",
      "time_local":"00:00",
      "specialty":"MOTOGP",
      "current":"no",
      "status":"ended",
      "status_description":"Disputata",
      "results_file":"12487.json"
    },
    {
      "sequence":3,
      "event_type":"race",
      "event_order":"1",
      "event_id":12448,
      "event_description":"Gara",
      "date":"14-07-2002",
      "date_to_print":"14 Lug 2002",
      "time":"15:00",
      "time_local":"14:00",
      "specialty":"MOTOGP",
      "current":"yes",
      "status":"ended",
      "status_description":"Disputata",
      "results_file":"12448.json"
    }
  ]
}
