{
  "competition_id":"41",
  "competition_name":"CAMPIONATO MOND.LE PISTA",
  "competition_short_name":"MOTOMONDIALE",
  "edition_id":"1014",
  "edition_name":"2006",
  "event_id":17195,
  "event_description":"GP Giappone",
  "date_start":"22-09-2006",
  "date_end":"24-09-2006",
  "items":[
    {
      "sequence":1,
      "event_type":"practice",
      "event_order":"1",
      "event_id":17980,
      "event_description":"Libere 1 GP Giappone",
      "date":"22-09-2006",
      "date_to_print":"22 Set 2006",
      "time":"03:00",
      "time_local":"10:00",
      "specialty":"MOTOGP",
      "current":"no",
      "status":"ended",
      "status_description":"Disputata",
      "results_file":"17980.json"
    },
    {
      "sequence":2,
      "event_type":"practice",
      "event_order":"2",
      "event_id":17982,
      "event_description":"Libere 2 GP Giappone",
      "date":"22-09-2006",
      "date_to_print":"22 Set 2006",
      "time":"07:00",
      "time_local":"14:00",
      "specialty":"MOTOGP",
      "current":"no",
      "status":"ended",
      "status_description":"Disputata",
      "results_file":"17982.json"
    },
    {
      "sequence":3,
      "event_type":"practice",
      "event_order":"3",
      "event_id":17984,
      "event_description":"Libere 3 GP Giappone",
      "date":"23-09-2006",
      "date_to_print":"23 Set 2006",
      "time":"03:00",
      "time_local":"10:00",
      "specialty":"MOTOGP",
      "current":"no",
      "status":"ended",
      "status_description":"Disputata",
      "results_file":"17984.json"
    },
    {
      "sequence":4,
      "event_type":"grid",
      "event_order":"1",
      "event_id":17194,
      "event_description":"Griglia",
      "date":"23-09-2006",
      "date_to_print":"23 Set 2006",
      "time":"07:00",
      "time_local":"14:00",
      "specialty":"MOTOGP",
      "current":"no",
      "status":"ended",
      "status_description":"Disputata",
      "results_file":"17194.json"
    },
    {
      "sequence":5,
      "event_type":"race",
      "event_order":"1",
      "event_id":17195,
      "event_description":"Gara",
      "date":"24-09-2006",
      "date_to_print":"24 Set 2006",
      "time":"07:00",
      "time_local":"14:00",
      "specialty":"MOTOGP",
      "current":"yes",
      "status":"ended",
      "status_description":"Disputata",
      "results_file":"17195.json"
    }
  ]
}
