{
  "id":"55",
  "name":"ESTORIL",
  "city":"ESTORIL",
  "country_id":"POR",
  "country":"Portogallo",
  "length":"4182",
  "bends":"13 (4 a sinistra, 9 a destra)",
  "foundation_year":"1972",
  "records":[
    {
      "type":"stage-fastest-lap",
      "year":"2008",
      "id":"518399",
      "label":"Lorenzo J.",
      "name":"Jorge",
      "surname":"Lorenzo",
      "team":"Yamaha",
      "country_id":"ESP",
      "country":"Spagna",
      "time":"1:35:715",
      "average_speed":"157,291",
      "description":"J. Lorenzo - Yamaha - 157.291 km/h - 2008"
    },
    {
      "type":"race-fastest-lap",
      "year":"2009",
      "id":"517745",
      "label":"Pedrosa D.",
      "name":"Daniel",
      "surname":"Pedrosa",
      "team":"Honda",
      "country_id":"ESP",
      "country":"Spagna",
      "time":"1:36:937",
      "average_speed":"155,309",
      "description":"D. Pedrosa - Honda - 155.309  km/h - 2009"
    },
    {
      "type":"race-best-time",
      "year":"",
      "id":"",
      "label":"",
      "name":"",
      "surname":"",
      "team":"",
      "country_id":"",
      "country":"",
      "time":"",
      "average_speed":"",
      "description":"Non disponibile"
  }
  ]
}
