{
  "competition_id":"41",
  "competition_name":"CAMPIONATO MOND.LE PISTA",
  "competition_short_name":"MOTOMONDIALE",
  "edition_id":"911",
  "edition_name":"2004",
  "event_id":14741,
  "event_description":"GP Repubblica Ceca",
  "date_start":"20-08-2004",
  "date_end":"22-08-2004",
  "items":[
    {
      "sequence":1,
      "event_type":"practice",
      "event_order":"1",
      "event_id":14743,
      "event_description":"PROVE VENERDI' GP REP. CECA",
      "date":"20-08-2004",
      "date_to_print":"20 Ago 2004",
      "time":"00:00",
      "time_local":"00:00",
      "specialty":"MOTOGP",
      "current":"no",
      "status":"ended",
      "status_description":"Disputata",
      "results_file":"14743.json"
    },
    {
      "sequence":2,
      "event_type":"grid",
      "event_order":"1",
      "event_id":14742,
      "event_description":"Griglia",
      "date":"21-08-2004",
      "date_to_print":"21 Ago 2004",
      "time":"00:00",
      "time_local":"00:00",
      "specialty":"MOTOGP",
      "current":"no",
      "status":"ended",
      "status_description":"Disputata",
      "results_file":"14742.json"
    },
    {
      "sequence":3,
      "event_type":"race",
      "event_order":"1",
      "event_id":14741,
      "event_description":"Gara",
      "date":"22-08-2004",
      "date_to_print":"22 Ago 2004",
      "time":"14:00",
      "time_local":"14:00",
      "specialty":"MOTOGP",
      "current":"yes",
      "status":"ended",
      "status_description":"Disputata",
      "results_file":"14741.json"
    }
  ]
}
