{
  "competition_id":"41",
  "competition_name":"CAMPIONATO MOND.LE PISTA",
  "competition_short_name":"MOTOMONDIALE",
  "edition_id":"1033",
  "edition_name":"2007",
  "event_id":18563,
  "event_description":"GP Olanda",
  "date_start":"28-06-2007",
  "date_end":"30-06-2007",
  "items":[
    {
      "sequence":1,
      "event_type":"practice",
      "event_order":"1",
      "event_id":19127,
      "event_description":"Libere 1 Gp Olanda",
      "date":"28-06-2007",
      "date_to_print":"28 Giu 2007",
      "time":"10:00",
      "time_local":"10:00",
      "specialty":"MOTOGP",
      "current":"no",
      "status":"ended",
      "status_description":"Disputata",
      "results_file":"19127.json"
    },
    {
      "sequence":2,
      "event_type":"practice",
      "event_order":"2",
      "event_id":19129,
      "event_description":"Libere 2 Gp Olanda",
      "date":"28-06-2007",
      "date_to_print":"28 Giu 2007",
      "time":"13:50",
      "time_local":"13:50",
      "specialty":"MOTOGP",
      "current":"no",
      "status":"ended",
      "status_description":"Disputata",
      "results_file":"19129.json"
    },
    {
      "sequence":3,
      "event_type":"practice",
      "event_order":"3",
      "event_id":19131,
      "event_description":"Libere 3 Gp Olanda",
      "date":"29-06-2007",
      "date_to_print":"29 Giu 2007",
      "time":"10:00",
      "time_local":"10:00",
      "specialty":"MOTOGP",
      "current":"no",
      "status":"ended",
      "status_description":"Disputata",
      "results_file":"19131.json"
    },
    {
      "sequence":4,
      "event_type":"grid",
      "event_order":"1",
      "event_id":18566,
      "event_description":"Griglia",
      "date":"29-06-2007",
      "date_to_print":"29 Giu 2007",
      "time":"14:00",
      "time_local":"14:00",
      "specialty":"MOTOGP",
      "current":"no",
      "status":"ended",
      "status_description":"Disputata",
      "results_file":"18566.json"
    },
    {
      "sequence":5,
      "event_type":"race",
      "event_order":"1",
      "event_id":18563,
      "event_description":"Gara",
      "date":"30-06-2007",
      "date_to_print":"30 Giu 2007",
      "time":"14:00",
      "time_local":"14:00",
      "specialty":"MOTOGP",
      "current":"yes",
      "status":"ended",
      "status_description":"Disputata",
      "results_file":"18563.json"
    }
  ]
}
