{
  "competition_id":"41",
  "competition_name":"CAMPIONATO MOND.LE PISTA",
  "competition_short_name":"MOTOMONDIALE",
  "edition_id":"911",
  "edition_name":"2004",
  "event_id":14744,
  "event_description":"GP Gran Bretagna",
  "date_start":"23-07-2004",
  "date_end":"25-07-2004",
  "items":[
    {
      "sequence":1,
      "event_type":"practice",
      "event_order":"1",
      "event_id":14746,
      "event_description":"PROVE VENERDI' GP GBR",
      "date":"23-07-2004",
      "date_to_print":"23 Lug 2004",
      "time":"00:00",
      "time_local":"00:00",
      "specialty":"MOTOGP",
      "current":"no",
      "status":"ended",
      "status_description":"Disputata",
      "results_file":"14746.json"
    },
    {
      "sequence":2,
      "event_type":"grid",
      "event_order":"1",
      "event_id":14745,
      "event_description":"Griglia",
      "date":"24-07-2004",
      "date_to_print":"24 Lug 2004",
      "time":"00:00",
      "time_local":"00:00",
      "specialty":"MOTOGP",
      "current":"no",
      "status":"ended",
      "status_description":"Disputata",
      "results_file":"14745.json"
    },
    {
      "sequence":3,
      "event_type":"race",
      "event_order":"1",
      "event_id":14744,
      "event_description":"Gara",
      "date":"25-07-2004",
      "date_to_print":"25 Lug 2004",
      "time":"15:00",
      "time_local":"14:00",
      "specialty":"MOTOGP",
      "current":"yes",
      "status":"ended",
      "status_description":"Disputata",
      "results_file":"14744.json"
    }
  ]
}
