{
  "competition_id":"41",
  "competition_name":"CAMPIONATO MOND.LE PISTA",
  "competition_short_name":"MOTOMONDIALE",
  "edition_id":"911",
  "edition_name":"2004",
  "event_id":14726,
  "event_description":"GP Australia",
  "date_start":"15-10-2004",
  "date_end":"17-10-2004",
  "items":[
    {
      "sequence":1,
      "event_type":"practice",
      "event_order":"1",
      "event_id":14728,
      "event_description":"PROVE VENERDI' GP AUSTRALIA",
      "date":"15-10-2004",
      "date_to_print":"15 Ott 2004",
      "time":"00:00",
      "time_local":"00:00",
      "specialty":"MOTOGP",
      "current":"no",
      "status":"ended",
      "status_description":"Disputata",
      "results_file":"14728.json"
    },
    {
      "sequence":2,
      "event_type":"grid",
      "event_order":"1",
      "event_id":14727,
      "event_description":"Griglia",
      "date":"16-10-2004",
      "date_to_print":"16 Ott 2004",
      "time":"00:00",
      "time_local":"00:00",
      "specialty":"MOTOGP",
      "current":"no",
      "status":"ended",
      "status_description":"Disputata",
      "results_file":"14727.json"
    },
    {
      "sequence":3,
      "event_type":"race",
      "event_order":"1",
      "event_id":14726,
      "event_description":"Gara",
      "date":"17-10-2004",
      "date_to_print":"17 Ott 2004",
      "time":"06:00",
      "time_local":"14:00",
      "specialty":"MOTOGP",
      "current":"yes",
      "status":"ended",
      "status_description":"Disputata",
      "results_file":"14726.json"
    }
  ]
}
