{
  "competition_id":"41",
  "competition_name":"CAMPIONATO MOND.LE PISTA",
  "competition_short_name":"MOTOMONDIALE",
  "edition_id":"932",
  "edition_name":"2005",
  "event_id":15654,
  "event_description":"GP Australia",
  "date_start":"15-10-2005",
  "date_end":"16-10-2005",
  "items":[
    {
      "sequence":1,
      "event_type":"grid",
      "event_order":"1",
      "event_id":15651,
      "event_description":"Griglia",
      "date":"15-10-2005",
      "date_to_print":"15 Ott 2005",
      "time":"00:00",
      "time_local":"00:00",
      "specialty":"MOTOGP",
      "current":"no",
      "status":"ended",
      "status_description":"Disputata",
      "results_file":"15651.json"
    },
    {
      "sequence":2,
      "event_type":"race",
      "event_order":"1",
      "event_id":15654,
      "event_description":"Gara",
      "date":"16-10-2005",
      "date_to_print":"16 Ott 2005",
      "time":"06:30",
      "time_local":"06:30",
      "specialty":"MOTOGP",
      "current":"yes",
      "status":"ended",
      "status_description":"Disputata",
      "results_file":"15654.json"
    }
  ]
}
