{
  "competition_id":"41",
  "competition_name":"CAMPIONATO MOND.LE PISTA",
  "competition_short_name":"MOTOMONDIALE",
  "edition_id":"1014",
  "edition_name":"2006",
  "event_id":17197,
  "event_description":"GP Portogallo",
  "date_start":"13-10-2006",
  "date_end":"15-10-2006",
  "items":[
    {
      "sequence":1,
      "event_type":"practice",
      "event_order":"1",
      "event_id":18070,
      "event_description":"Libere 1 GP Portogallo",
      "date":"13-10-2006",
      "date_to_print":"13 Ott 2006",
      "time":"11:00",
      "time_local":"10:00",
      "specialty":"MOTOGP",
      "current":"no",
      "status":"ended",
      "status_description":"Disputata",
      "results_file":"18070.json"
    },
    {
      "sequence":2,
      "event_type":"practice",
      "event_order":"2",
      "event_id":18072,
      "event_description":"Libere 2 GP Portogallo",
      "date":"13-10-2006",
      "date_to_print":"13 Ott 2006",
      "time":"15:00",
      "time_local":"14:00",
      "specialty":"MOTOGP",
      "current":"no",
      "status":"ended",
      "status_description":"Disputata",
      "results_file":"18072.json"
    },
    {
      "sequence":3,
      "event_type":"practice",
      "event_order":"3",
      "event_id":18074,
      "event_description":"Libere 3 GP Portogallo",
      "date":"14-10-2006",
      "date_to_print":"14 Ott 2006",
      "time":"11:00",
      "time_local":"10:00",
      "specialty":"MOTOGP",
      "current":"no",
      "status":"ended",
      "status_description":"Disputata",
      "results_file":"18074.json"
    },
    {
      "sequence":4,
      "event_type":"grid",
      "event_order":"1",
      "event_id":17196,
      "event_description":"Griglia",
      "date":"14-10-2006",
      "date_to_print":"14 Ott 2006",
      "time":"15:00",
      "time_local":"14:00",
      "specialty":"MOTOGP",
      "current":"no",
      "status":"ended",
      "status_description":"Disputata",
      "results_file":"17196.json"
    },
    {
      "sequence":5,
      "event_type":"race",
      "event_order":"1",
      "event_id":17197,
      "event_description":"Gara",
      "date":"15-10-2006",
      "date_to_print":"15 Ott 2006",
      "time":"14:00",
      "time_local":"13:00",
      "specialty":"MOTOGP",
      "current":"yes",
      "status":"ended",
      "status_description":"Disputata",
      "results_file":"17197.json"
    }
  ]
}
