{
  "competition_id":"41",
  "competition_name":"CAMPIONATO MOND.LE PISTA",
  "competition_short_name":"MOTOMONDIALE",
  "edition_id":"865",
  "edition_name":"2003",
  "event_id":13467,
  "event_description":"GP Italia",
  "date_start":"06-06-2003",
  "date_end":"08-06-2003",
  "items":[
    {
      "sequence":1,
      "event_type":"practice",
      "event_order":"1",
      "event_id":13469,
      "event_description":"PROVE VENERDI' GP ITALIA",
      "date":"06-06-2003",
      "date_to_print":"06 Giu 2003",
      "time":"00:00",
      "time_local":"00:00",
      "specialty":"MOTOGP",
      "current":"no",
      "status":"ended",
      "status_description":"Disputata",
      "results_file":"13469.json"
    },
    {
      "sequence":2,
      "event_type":"grid",
      "event_order":"1",
      "event_id":13468,
      "event_description":"Griglia",
      "date":"07-06-2003",
      "date_to_print":"07 Giu 2003",
      "time":"00:00",
      "time_local":"00:00",
      "specialty":"MOTOGP",
      "current":"no",
      "status":"ended",
      "status_description":"Disputata",
      "results_file":"13468.json"
    },
    {
      "sequence":3,
      "event_type":"race",
      "event_order":"1",
      "event_id":13467,
      "event_description":"Gara",
      "date":"08-06-2003",
      "date_to_print":"08 Giu 2003",
      "time":"14:00",
      "time_local":"14:00",
      "specialty":"MOTOGP",
      "current":"yes",
      "status":"ended",
      "status_description":"Disputata",
      "results_file":"13467.json"
    }
  ]
}
