{
  "competition_id":"41",
  "competition_name":"CAMPIONATO MOND.LE PISTA",
  "competition_short_name":"MOTOMONDIALE",
  "edition_id":"932",
  "edition_name":"2005",
  "event_id":15580,
  "event_description":"GP Portogallo",
  "date_start":"16-04-2005",
  "date_end":"17-04-2005",
  "items":[
    {
      "sequence":1,
      "event_type":"grid",
      "event_order":"1",
      "event_id":15577,
      "event_description":"Griglia",
      "date":"16-04-2005",
      "date_to_print":"16 Apr 2005",
      "time":"15:00",
      "time_local":"14:00",
      "specialty":"MOTOGP",
      "current":"no",
      "status":"ended",
      "status_description":"Disputata",
      "results_file":"15577.json"
    },
    {
      "sequence":2,
      "event_type":"race",
      "event_order":"1",
      "event_id":15580,
      "event_description":"Gara",
      "date":"17-04-2005",
      "date_to_print":"17 Apr 2005",
      "time":"14:00",
      "time_local":"13:00",
      "specialty":"MOTOGP",
      "current":"yes",
      "status":"ended",
      "status_description":"Disputata",
      "results_file":"15580.json"
    }
  ]
}
