{
  "competition_id":"41",
  "competition_name":"CAMPIONATO MOND.LE PISTA",
  "competition_short_name":"MOTOMONDIALE",
  "edition_id":"1014",
  "edition_name":"2006",
  "event_id":17179,
  "event_description":"GP Catalunya",
  "date_start":"16-06-2006",
  "date_end":"18-06-2006",
  "items":[
    {
      "sequence":1,
      "event_type":"practice",
      "event_order":"1",
      "event_id":17508,
      "event_description":"Libere 1 GP Catalunya",
      "date":"16-06-2006",
      "date_to_print":"16 Giu 2006",
      "time":"10:00",
      "time_local":"10:00",
      "specialty":"MOTOGP",
      "current":"no",
      "status":"ended",
      "status_description":"Disputata",
      "results_file":"17508.json"
    },
    {
      "sequence":2,
      "event_type":"practice",
      "event_order":"2",
      "event_id":17510,
      "event_description":"Libere 2 GP Catalunya",
      "date":"16-06-2006",
      "date_to_print":"16 Giu 2006",
      "time":"14:00",
      "time_local":"14:00",
      "specialty":"MOTOGP",
      "current":"no",
      "status":"ended",
      "status_description":"Disputata",
      "results_file":"17510.json"
    },
    {
      "sequence":3,
      "event_type":"practice",
      "event_order":"3",
      "event_id":17512,
      "event_description":"Libere 3 GP Catalunya",
      "date":"17-06-2006",
      "date_to_print":"17 Giu 2006",
      "time":"10:00",
      "time_local":"10:00",
      "specialty":"MOTOGP",
      "current":"no",
      "status":"ended",
      "status_description":"Disputata",
      "results_file":"17512.json"
    },
    {
      "sequence":4,
      "event_type":"grid",
      "event_order":"1",
      "event_id":17178,
      "event_description":"Griglia",
      "date":"17-06-2006",
      "date_to_print":"17 Giu 2006",
      "time":"14:00",
      "time_local":"14:00",
      "specialty":"MOTOGP",
      "current":"no",
      "status":"ended",
      "status_description":"Disputata",
      "results_file":"17178.json"
    },
    {
      "sequence":5,
      "event_type":"race",
      "event_order":"1",
      "event_id":17179,
      "event_description":"Gara",
      "date":"18-06-2006",
      "date_to_print":"18 Giu 2006",
      "time":"14:00",
      "time_local":"14:00",
      "specialty":"MOTOGP",
      "current":"yes",
      "status":"ended",
      "status_description":"Disputata",
      "results_file":"17179.json"
    }
  ]
}
