{
  "competition_id":"41",
  "competition_name":"CAMPIONATO MOND.LE PISTA",
  "competition_short_name":"MOTOMONDIALE",
  "edition_id":"1014",
  "edition_name":"2006",
  "event_id":17169,
  "event_description":"GP Qatar",
  "date_start":"06-04-2006",
  "date_end":"08-04-2006",
  "items":[
    {
      "sequence":1,
      "event_type":"practice",
      "event_order":"1",
      "event_id":17385,
      "event_description":"Libere 1 GP Qatar",
      "date":"06-04-2006",
      "date_to_print":"06 Apr 2006",
      "time":"09:00",
      "time_local":"10:00",
      "specialty":"MOTOGP",
      "current":"no",
      "status":"ended",
      "status_description":"Disputata",
      "results_file":"17385.json"
    },
    {
      "sequence":2,
      "event_type":"practice",
      "event_order":"2",
      "event_id":17387,
      "event_description":"Libere 2 GP Qatar",
      "date":"06-04-2006",
      "date_to_print":"06 Apr 2006",
      "time":"13:00",
      "time_local":"14:00",
      "specialty":"MOTOGP",
      "current":"no",
      "status":"ended",
      "status_description":"Disputata",
      "results_file":"17387.json"
    },
    {
      "sequence":3,
      "event_type":"practice",
      "event_order":"3",
      "event_id":17389,
      "event_description":"Libere 3 GP Qatar",
      "date":"07-04-2006",
      "date_to_print":"07 Apr 2006",
      "time":"09:00",
      "time_local":"10:00",
      "specialty":"MOTOGP",
      "current":"no",
      "status":"ended",
      "status_description":"Disputata",
      "results_file":"17389.json"
    },
    {
      "sequence":4,
      "event_type":"grid",
      "event_order":"1",
      "event_id":17168,
      "event_description":"Griglia",
      "date":"07-04-2006",
      "date_to_print":"07 Apr 2006",
      "time":"14:00",
      "time_local":"15:00",
      "specialty":"MOTOGP",
      "current":"no",
      "status":"ended",
      "status_description":"Disputata",
      "results_file":"17168.json"
    },
    {
      "sequence":5,
      "event_type":"race",
      "event_order":"1",
      "event_id":17169,
      "event_description":"Gara",
      "date":"08-04-2006",
      "date_to_print":"08 Apr 2006",
      "time":"14:00",
      "time_local":"15:00",
      "specialty":"MOTOGP",
      "current":"yes",
      "status":"ended",
      "status_description":"Disputata",
      "results_file":"17169.json"
    }
  ]
}
