{
  "competition_id":"41",
  "competition_name":"CAMPIONATO MOND.LE PISTA",
  "competition_short_name":"MOTOMONDIALE",
  "edition_id":"932",
  "edition_name":"2005",
  "event_id":15610,
  "event_description":"GP Olanda",
  "date_start":"24-06-2005",
  "date_end":"25-06-2005",
  "items":[
    {
      "sequence":1,
      "event_type":"grid",
      "event_order":"1",
      "event_id":15607,
      "event_description":"Griglia",
      "date":"24-06-2005",
      "date_to_print":"24 Giu 2005",
      "time":"14:00",
      "time_local":"14:00",
      "specialty":"MOTOGP",
      "current":"no",
      "status":"ended",
      "status_description":"Disputata",
      "results_file":"15607.json"
    },
    {
      "sequence":2,
      "event_type":"race",
      "event_order":"1",
      "event_id":15610,
      "event_description":"Gara",
      "date":"25-06-2005",
      "date_to_print":"25 Giu 2005",
      "time":"14:00",
      "time_local":"14:00",
      "specialty":"MOTOGP",
      "current":"yes",
      "status":"ended",
      "status_description":"Disputata",
      "results_file":"15610.json"
    }
  ]
}
