{
  "id":"66",
  "name":"CIRCUIT VAN DRENTHE",
  "city":"ASSEN",
  "country_id":"NED",
  "country":"Olanda",
  "length":"4542",
  "bends":"17 (6 a sinistra, 11 a destra)",
  "foundation_year":"1938",
  "records":[
    {
      "type":"stage-fastest-lap",
      "year":"2015",
      "id":"511282",
      "label":"Rossi V.",
      "name":"Valentino",
      "surname":"Rossi",
      "team":"Yamaha",
      "country_id":"ITA",
      "country":"Italia",
      "time":"1:32:627",
      "average_speed":"176,5",
      "description":"V. Rossi - Yamaha - 176,5 km/h - 2015"
    },
    {
      "type":"race-fastest-lap",
      "year":"2015",
      "id":"526966",
      "label":"Marquez M.",
      "name":"Marc",
      "surname":"Marquez",
      "team":"Honda",
      "country_id":"ESP",
      "country":"Spagna",
      "time":"1:33:617",
      "average_speed":"174,600",
      "description":"M. Marquez - Honda - 174,600 km/h - 2015"
    },
    {
      "type":"race-best-time",
      "year":"",
      "id":"",
      "label":"",
      "name":"",
      "surname":"",
      "team":"",
      "country_id":"",
      "country":"",
      "time":"",
      "average_speed":"",
      "description":"Non disponibile"
  }
  ]
}
