{
  "competition_id":"41",
  "competition_name":"CAMPIONATO MOND.LE PISTA",
  "competition_short_name":"MOTOMONDIALE",
  "edition_id":"911",
  "edition_name":"2004",
  "event_id":14738,
  "event_description":"GP Portogallo",
  "date_start":"03-09-2004",
  "date_end":"05-09-2004",
  "items":[
    {
      "sequence":1,
      "event_type":"practice",
      "event_order":"1",
      "event_id":14740,
      "event_description":"PROVE VENERDI' GP PORTOGALLO",
      "date":"03-09-2004",
      "date_to_print":"03 Set 2004",
      "time":"00:00",
      "time_local":"00:00",
      "specialty":"MOTOGP",
      "current":"no",
      "status":"ended",
      "status_description":"Disputata",
      "results_file":"14740.json"
    },
    {
      "sequence":2,
      "event_type":"grid",
      "event_order":"1",
      "event_id":14739,
      "event_description":"Griglia",
      "date":"04-09-2004",
      "date_to_print":"04 Set 2004",
      "time":"00:00",
      "time_local":"00:00",
      "specialty":"MOTOGP",
      "current":"no",
      "status":"ended",
      "status_description":"Disputata",
      "results_file":"14739.json"
    },
    {
      "sequence":3,
      "event_type":"race",
      "event_order":"1",
      "event_id":14738,
      "event_description":"Gara",
      "date":"05-09-2004",
      "date_to_print":"05 Set 2004",
      "time":"14:00",
      "time_local":"13:00",
      "specialty":"MOTOGP",
      "current":"yes",
      "status":"ended",
      "status_description":"Disputata",
      "results_file":"14738.json"
    }
  ]
}
