{
  "competition_id":"41",
  "competition_name":"CAMPIONATO MOND.LE PISTA",
  "competition_short_name":"MOTOMONDIALE",
  "edition_id":"1014",
  "edition_name":"2006",
  "event_id":17189,
  "event_description":"GP Repubblica Ceca",
  "date_start":"18-08-2006",
  "date_end":"20-08-2006",
  "items":[
    {
      "sequence":1,
      "event_type":"practice",
      "event_order":"1",
      "event_id":17947,
      "event_description":"Libere 1 GP Rep. Ceca",
      "date":"18-08-2006",
      "date_to_print":"18 Ago 2006",
      "time":"10:00",
      "time_local":"10:00",
      "specialty":"MOTOGP",
      "current":"no",
      "status":"ended",
      "status_description":"Disputata",
      "results_file":"17947.json"
    },
    {
      "sequence":2,
      "event_type":"practice",
      "event_order":"2",
      "event_id":17949,
      "event_description":"Libere 2 GP Rep. Ceca",
      "date":"18-08-2006",
      "date_to_print":"18 Ago 2006",
      "time":"14:00",
      "time_local":"14:00",
      "specialty":"MOTOGP",
      "current":"no",
      "status":"ended",
      "status_description":"Disputata",
      "results_file":"17949.json"
    },
    {
      "sequence":3,
      "event_type":"practice",
      "event_order":"3",
      "event_id":17951,
      "event_description":"Libere 3 GP Rep. Ceca",
      "date":"19-08-2006",
      "date_to_print":"19 Ago 2006",
      "time":"10:00",
      "time_local":"10:00",
      "specialty":"MOTOGP",
      "current":"no",
      "status":"ended",
      "status_description":"Disputata",
      "results_file":"17951.json"
    },
    {
      "sequence":4,
      "event_type":"grid",
      "event_order":"1",
      "event_id":17188,
      "event_description":"Griglia",
      "date":"19-08-2006",
      "date_to_print":"19 Ago 2006",
      "time":"14:00",
      "time_local":"14:00",
      "specialty":"MOTOGP",
      "current":"no",
      "status":"ended",
      "status_description":"Disputata",
      "results_file":"17188.json"
    },
    {
      "sequence":5,
      "event_type":"race",
      "event_order":"1",
      "event_id":17189,
      "event_description":"Gara",
      "date":"20-08-2006",
      "date_to_print":"20 Ago 2006",
      "time":"14:00",
      "time_local":"14:00",
      "specialty":"MOTOGP",
      "current":"yes",
      "status":"ended",
      "status_description":"Disputata",
      "results_file":"17189.json"
    }
  ]
}
