{
  "competition_id":"41",
  "competition_name":"CAMPIONATO MOND.LE PISTA",
  "competition_short_name":"MOTOMONDIALE",
  "edition_id":"865",
  "edition_name":"2003",
  "event_id":13497,
  "event_description":"GP Repubblica Ceca",
  "date_start":"15-08-2003",
  "date_end":"17-08-2003",
  "items":[
    {
      "sequence":1,
      "event_type":"practice",
      "event_order":"1",
      "event_id":13499,
      "event_description":"PROVE VENERDI' GP REPUBBLICA C",
      "date":"15-08-2003",
      "date_to_print":"15 Ago 2003",
      "time":"00:00",
      "time_local":"00:00",
      "specialty":"MOTOGP",
      "current":"no",
      "status":"ended",
      "status_description":"Disputata",
      "results_file":"13499.json"
    },
    {
      "sequence":2,
      "event_type":"grid",
      "event_order":"1",
      "event_id":13498,
      "event_description":"Griglia",
      "date":"16-08-2003",
      "date_to_print":"16 Ago 2003",
      "time":"00:00",
      "time_local":"00:00",
      "specialty":"MOTOGP",
      "current":"no",
      "status":"ended",
      "status_description":"Disputata",
      "results_file":"13498.json"
    },
    {
      "sequence":3,
      "event_type":"race",
      "event_order":"1",
      "event_id":13497,
      "event_description":"Gara",
      "date":"17-08-2003",
      "date_to_print":"17 Ago 2003",
      "time":"14:00",
      "time_local":"14:00",
      "specialty":"MOTOGP",
      "current":"yes",
      "status":"ended",
      "status_description":"Disputata",
      "results_file":"13497.json"
    }
  ]
}
