{
  "competition_id":"41",
  "competition_name":"CAMPIONATO MOND.LE PISTA",
  "competition_short_name":"MOTOMONDIALE",
  "edition_id":"1014",
  "edition_name":"2006",
  "event_id":17193,
  "event_description":"GP Australia",
  "date_start":"15-09-2006",
  "date_end":"17-09-2006",
  "items":[
    {
      "sequence":1,
      "event_type":"practice",
      "event_order":"1",
      "event_id":17973,
      "event_description":"Libere 1 GP Australia",
      "date":"15-09-2006",
      "date_to_print":"15 Set 2006",
      "time":"02:00",
      "time_local":"10:00",
      "specialty":"MOTOGP",
      "current":"no",
      "status":"ended",
      "status_description":"Disputata",
      "results_file":"17973.json"
    },
    {
      "sequence":2,
      "event_type":"practice",
      "event_order":"2",
      "event_id":17975,
      "event_description":"Libere 2 GP Australia",
      "date":"15-09-2006",
      "date_to_print":"15 Set 2006",
      "time":"06:00",
      "time_local":"14:00",
      "specialty":"MOTOGP",
      "current":"no",
      "status":"ended",
      "status_description":"Disputata",
      "results_file":"17975.json"
    },
    {
      "sequence":3,
      "event_type":"practice",
      "event_order":"3",
      "event_id":17977,
      "event_description":"Libere 3 GP Australia",
      "date":"16-09-2006",
      "date_to_print":"16 Set 2006",
      "time":"02:00",
      "time_local":"10:00",
      "specialty":"MOTOGP",
      "current":"no",
      "status":"ended",
      "status_description":"Disputata",
      "results_file":"17977.json"
    },
    {
      "sequence":4,
      "event_type":"grid",
      "event_order":"1",
      "event_id":17192,
      "event_description":"Griglia",
      "date":"16-09-2006",
      "date_to_print":"16 Set 2006",
      "time":"06:00",
      "time_local":"14:00",
      "specialty":"MOTOGP",
      "current":"no",
      "status":"ended",
      "status_description":"Disputata",
      "results_file":"17192.json"
    },
    {
      "sequence":5,
      "event_type":"race",
      "event_order":"1",
      "event_id":17193,
      "event_description":"Gara",
      "date":"17-09-2006",
      "date_to_print":"17 Set 2006",
      "time":"06:30",
      "time_local":"14:30",
      "specialty":"MOTOGP",
      "current":"yes",
      "status":"ended",
      "status_description":"Disputata",
      "results_file":"17193.json"
    }
  ]
}
