{
  "competition_id":"41",
  "competition_name":"CAMPIONATO MOND.LE PISTA",
  "competition_short_name":"MOTOMONDIALE",
  "edition_id":"932",
  "edition_name":"2005",
  "event_id":15642,
  "event_description":"GP Malesia",
  "date_start":"24-09-2005",
  "date_end":"25-09-2005",
  "items":[
    {
      "sequence":1,
      "event_type":"grid",
      "event_order":"1",
      "event_id":15639,
      "event_description":"Griglia",
      "date":"24-09-2005",
      "date_to_print":"24 Set 2005",
      "time":"00:00",
      "time_local":"00:00",
      "specialty":"MOTOGP",
      "current":"no",
      "status":"ended",
      "status_description":"Disputata",
      "results_file":"15639.json"
    },
    {
      "sequence":2,
      "event_type":"race",
      "event_order":"1",
      "event_id":15642,
      "event_description":"Gara",
      "date":"25-09-2005",
      "date_to_print":"25 Set 2005",
      "time":"09:00",
      "time_local":"09:00",
      "specialty":"MOTOGP",
      "current":"yes",
      "status":"ended",
      "status_description":"Disputata",
      "results_file":"15642.json"
    }
  ]
}
