{
  "competition_id":"41",
  "competition_name":"CAMPIONATO MOND.LE PISTA",
  "competition_short_name":"MOTOMONDIALE",
  "edition_id":"808",
  "edition_name":"2002",
  "event_id":12439,
  "event_description":"GP Germania",
  "date_start":"19-07-2002",
  "date_end":"21-07-2002",
  "items":[
    {
      "sequence":1,
      "event_type":"practice",
      "event_order":"1",
      "event_id":12383,
      "event_description":"PROVE VENERDI' GP GERMANIA",
      "date":"19-07-2002",
      "date_to_print":"19 Lug 2002",
      "time":"00:00",
      "time_local":"00:00",
      "specialty":"MOTOGP",
      "current":"no",
      "status":"ended",
      "status_description":"Disputata",
      "results_file":"12383.json"
    },
    {
      "sequence":2,
      "event_type":"grid",
      "event_order":"1",
      "event_id":12481,
      "event_description":"Griglia",
      "date":"20-07-2002",
      "date_to_print":"20 Lug 2002",
      "time":"00:00",
      "time_local":"00:00",
      "specialty":"MOTOGP",
      "current":"no",
      "status":"ended",
      "status_description":"Disputata",
      "results_file":"12481.json"
    },
    {
      "sequence":3,
      "event_type":"race",
      "event_order":"1",
      "event_id":12439,
      "event_description":"Gara",
      "date":"21-07-2002",
      "date_to_print":"21 Lug 2002",
      "time":"14:00",
      "time_local":"14:00",
      "specialty":"MOTOGP",
      "current":"yes",
      "status":"ended",
      "status_description":"Disputata",
      "results_file":"12439.json"
    }
  ]
}
