{
  "competition_id":"41",
  "competition_name":"CAMPIONATO MOND.LE PISTA",
  "competition_short_name":"MOTOMONDIALE",
  "edition_id":"1014",
  "edition_name":"2006",
  "event_id":17173,
  "event_description":"GP Cina",
  "date_start":"12-05-2006",
  "date_end":"14-05-2006",
  "items":[
    {
      "sequence":1,
      "event_type":"practice",
      "event_order":"1",
      "event_id":17461,
      "event_description":"Libere 1 GP Cina",
      "date":"12-05-2006",
      "date_to_print":"12 Mag 2006",
      "time":"04:00",
      "time_local":"10:00",
      "specialty":"MOTOGP",
      "current":"no",
      "status":"ended",
      "status_description":"Disputata",
      "results_file":"17461.json"
    },
    {
      "sequence":2,
      "event_type":"practice",
      "event_order":"2",
      "event_id":17463,
      "event_description":"Libere 2 GP Cina",
      "date":"12-05-2006",
      "date_to_print":"12 Mag 2006",
      "time":"08:00",
      "time_local":"14:00",
      "specialty":"MOTOGP",
      "current":"no",
      "status":"ended",
      "status_description":"Disputata",
      "results_file":"17463.json"
    },
    {
      "sequence":3,
      "event_type":"practice",
      "event_order":"3",
      "event_id":17465,
      "event_description":"Libere 3 GP Cina",
      "date":"13-05-2006",
      "date_to_print":"13 Mag 2006",
      "time":"04:00",
      "time_local":"10:00",
      "specialty":"MOTOGP",
      "current":"no",
      "status":"ended",
      "status_description":"Disputata",
      "results_file":"17465.json"
    },
    {
      "sequence":4,
      "event_type":"grid",
      "event_order":"1",
      "event_id":17172,
      "event_description":"Griglia",
      "date":"13-05-2006",
      "date_to_print":"13 Mag 2006",
      "time":"08:00",
      "time_local":"14:00",
      "specialty":"MOTOGP",
      "current":"no",
      "status":"ended",
      "status_description":"Disputata",
      "results_file":"17172.json"
    },
    {
      "sequence":5,
      "event_type":"race",
      "event_order":"1",
      "event_id":17173,
      "event_description":"Gara",
      "date":"14-05-2006",
      "date_to_print":"14 Mag 2006",
      "time":"09:00",
      "time_local":"15:00",
      "specialty":"MOTOGP",
      "current":"yes",
      "status":"ended",
      "status_description":"Disputata",
      "results_file":"17173.json"
    }
  ]
}
