{
  "competition_id":"41",
  "competition_name":"CAMPIONATO MOND.LE PISTA",
  "competition_short_name":"MOTOMONDIALE",
  "edition_id":"808",
  "edition_name":"2002",
  "event_id":12376,
  "event_description":"GP Comunita' Valenciana",
  "date_start":"01-11-2002",
  "date_end":"03-11-2002",
  "items":[
    {
      "sequence":1,
      "event_type":"practice",
      "event_order":"1",
      "event_id":12427,
      "event_description":"PROVE VENERDI' GP COMUNITA' VAL",
      "date":"01-11-2002",
      "date_to_print":"01 Nov 2002",
      "time":"00:00",
      "time_local":"00:00",
      "specialty":"MOTOGP",
      "current":"no",
      "status":"ended",
      "status_description":"Disputata",
      "results_file":"12427.json"
    },
    {
      "sequence":2,
      "event_type":"grid",
      "event_order":"1",
      "event_id":12424,
      "event_description":"Griglia",
      "date":"02-11-2002",
      "date_to_print":"02 Nov 2002",
      "time":"00:00",
      "time_local":"00:00",
      "specialty":"MOTOGP",
      "current":"no",
      "status":"ended",
      "status_description":"Disputata",
      "results_file":"12424.json"
    },
    {
      "sequence":3,
      "event_type":"race",
      "event_order":"1",
      "event_id":12376,
      "event_description":"Gara",
      "date":"03-11-2002",
      "date_to_print":"03 Nov 2002",
      "time":"13:00",
      "time_local":"13:00",
      "specialty":"MOTOGP",
      "current":"yes",
      "status":"ended",
      "status_description":"Disputata",
      "results_file":"12376.json"
    }
  ]
}
