{
  "id":"112",
  "name":"LOSAIL INTERNATIONAL RACETRACK",
  "city":"DOHA",
  "country_id":"QAT",
  "country":"Qatar",
  "length":"5380",
  "bends":"16 (6 a sinistra, 10 a destra)",
  "foundation_year":"2004",
  "records":[
    {
      "type":"stage-fastest-lap",
      "year":"2008",
      "id":"518399",
      "label":"Lorenzo J.",
      "name":"Jorge",
      "surname":"Lorenzo",
      "team":"Yamaha",
      "country_id":"ESP",
      "country":"Spagna",
      "time":"1:53:423",
      "average_speed":"170,003",
      "description":"J. Lorenzo - Yamaha - 170,003 km/h - 2008"
    },
    {
      "type":"race-fastest-lap",
      "year":"2008",
      "id":"518050",
      "label":"Stoner C.",
      "name":"Casey",
      "surname":"Stoner",
      "team":"Ducati",
      "country_id":"AUS",
      "country":"Australia",
      "time":"1:55:153",
      "average_speed":"168,200",
      "description":"C. Stoner - Ducati - 168,200 km/h - 2008"
    },
    {
      "type":"race-best-time",
      "year":"",
      "id":"",
      "label":"",
      "name":"",
      "surname":"",
      "team":"",
      "country_id":"",
      "country":"",
      "time":"",
      "average_speed":"",
      "description":"Non disponibile"
  }
  ]
}
