{
  "competition_id":"41",
  "competition_name":"CAMPIONATO MOND.LE PISTA",
  "competition_short_name":"MOTOMONDIALE",
  "edition_id":"911",
  "edition_name":"2004",
  "event_id":14732,
  "event_description":"GP Qatar",
  "date_start":"30-09-2004",
  "date_end":"02-10-2004",
  "items":[
    {
      "sequence":1,
      "event_type":"practice",
      "event_order":"1",
      "event_id":14734,
      "event_description":"PROVE VENERDI' GP QATAR",
      "date":"30-09-2004",
      "date_to_print":"30 Set 2004",
      "time":"00:00",
      "time_local":"00:00",
      "specialty":"MOTOGP",
      "current":"no",
      "status":"ended",
      "status_description":"Disputata",
      "results_file":"14734.json"
    },
    {
      "sequence":2,
      "event_type":"grid",
      "event_order":"1",
      "event_id":14733,
      "event_description":"Griglia",
      "date":"01-10-2004",
      "date_to_print":"01 Ott 2004",
      "time":"00:00",
      "time_local":"00:00",
      "specialty":"MOTOGP",
      "current":"no",
      "status":"ended",
      "status_description":"Disputata",
      "results_file":"14733.json"
    },
    {
      "sequence":3,
      "event_type":"race",
      "event_order":"1",
      "event_id":14732,
      "event_description":"Gara",
      "date":"02-10-2004",
      "date_to_print":"02 Ott 2004",
      "time":"17:00",
      "time_local":"14:00",
      "specialty":"MOTOGP",
      "current":"yes",
      "status":"ended",
      "status_description":"Disputata",
      "results_file":"14732.json"
    }
  ]
}
