{
  "competition_id":"41",
  "competition_name":"CAMPIONATO MOND.LE PISTA",
  "competition_short_name":"MOTOMONDIALE",
  "edition_id":"1014",
  "edition_name":"2006",
  "event_id":17191,
  "event_description":"GP Malesia",
  "date_start":"08-09-2006",
  "date_end":"10-09-2006",
  "items":[
    {
      "sequence":1,
      "event_type":"practice",
      "event_order":"1",
      "event_id":17966,
      "event_description":"Libere 1 GP Malesia",
      "date":"08-09-2006",
      "date_to_print":"08 Set 2006",
      "time":"04:00",
      "time_local":"10:00",
      "specialty":"MOTOGP",
      "current":"no",
      "status":"ended",
      "status_description":"Disputata",
      "results_file":"17966.json"
    },
    {
      "sequence":2,
      "event_type":"practice",
      "event_order":"2",
      "event_id":17968,
      "event_description":"Libere 2 GP Malesia",
      "date":"08-09-2006",
      "date_to_print":"08 Set 2006",
      "time":"08:00",
      "time_local":"14:00",
      "specialty":"MOTOGP",
      "current":"no",
      "status":"ended",
      "status_description":"Disputata",
      "results_file":"17968.json"
    },
    {
      "sequence":3,
      "event_type":"practice",
      "event_order":"3",
      "event_id":17971,
      "event_description":"Libere 3 GP Malesia",
      "date":"09-09-2006",
      "date_to_print":"09 Set 2006",
      "time":"04:00",
      "time_local":"10:00",
      "specialty":"MOTOGP",
      "current":"no",
      "status":"ended",
      "status_description":"Disputata",
      "results_file":"17971.json"
    },
    {
      "sequence":4,
      "event_type":"grid",
      "event_order":"1",
      "event_id":17190,
      "event_description":"Griglia",
      "date":"09-09-2006",
      "date_to_print":"09 Set 2006",
      "time":"08:00",
      "time_local":"14:00",
      "specialty":"MOTOGP",
      "current":"no",
      "status":"ended",
      "status_description":"Disputata",
      "results_file":"17190.json"
    },
    {
      "sequence":5,
      "event_type":"race",
      "event_order":"1",
      "event_id":17191,
      "event_description":"Gara",
      "date":"10-09-2006",
      "date_to_print":"10 Set 2006",
      "time":"09:00",
      "time_local":"15:00",
      "specialty":"MOTOGP",
      "current":"yes",
      "status":"ended",
      "status_description":"Disputata",
      "results_file":"17191.json"
    }
  ]
}
