{
  "competition_id":"41",
  "competition_name":"CAMPIONATO MOND.LE PISTA",
  "competition_short_name":"MOTOMONDIALE",
  "edition_id":"1033",
  "edition_name":"2007",
  "event_id":18571,
  "event_description":"GP Gran Bretagna",
  "date_start":"22-06-2007",
  "date_end":"24-06-2007",
  "items":[
    {
      "sequence":1,
      "event_type":"practice",
      "event_order":"1",
      "event_id":19120,
      "event_description":"Libere 1 Gp Gran Bretagna",
      "date":"22-06-2007",
      "date_to_print":"22 Giu 2007",
      "time":"11:00",
      "time_local":"10:00",
      "specialty":"MOTOGP",
      "current":"no",
      "status":"ended",
      "status_description":"Disputata",
      "results_file":"19120.json"
    },
    {
      "sequence":2,
      "event_type":"practice",
      "event_order":"2",
      "event_id":19122,
      "event_description":"Libere 2 Gp Gran Bretagna",
      "date":"22-06-2007",
      "date_to_print":"22 Giu 2007",
      "time":"14:50",
      "time_local":"13:50",
      "specialty":"MOTOGP",
      "current":"no",
      "status":"ended",
      "status_description":"Disputata",
      "results_file":"19122.json"
    },
    {
      "sequence":3,
      "event_type":"practice",
      "event_order":"3",
      "event_id":19124,
      "event_description":"Libere 3 Gp Gran Bretagna",
      "date":"23-06-2007",
      "date_to_print":"23 Giu 2007",
      "time":"11:00",
      "time_local":"10:00",
      "specialty":"MOTOGP",
      "current":"no",
      "status":"ended",
      "status_description":"Disputata",
      "results_file":"19124.json"
    },
    {
      "sequence":4,
      "event_type":"grid",
      "event_order":"1",
      "event_id":18574,
      "event_description":"Griglia",
      "date":"23-06-2007",
      "date_to_print":"23 Giu 2007",
      "time":"15:00",
      "time_local":"14:00",
      "specialty":"MOTOGP",
      "current":"no",
      "status":"ended",
      "status_description":"Disputata",
      "results_file":"18574.json"
    },
    {
      "sequence":5,
      "event_type":"race",
      "event_order":"1",
      "event_id":18571,
      "event_description":"Gara",
      "date":"24-06-2007",
      "date_to_print":"24 Giu 2007",
      "time":"14:00",
      "time_local":"13:00",
      "specialty":"MOTOGP",
      "current":"yes",
      "status":"ended",
      "status_description":"Disputata",
      "results_file":"18571.json"
    }
  ]
}
