{
  "competition_id":"41",
  "competition_name":"CAMPIONATO MOND.LE PISTA",
  "competition_short_name":"MOTOMONDIALE",
  "edition_id":"911",
  "edition_name":"2004",
  "event_id":14735,
  "event_description":"GP Giappone",
  "date_start":"17-09-2004",
  "date_end":"19-09-2004",
  "items":[
    {
      "sequence":1,
      "event_type":"practice",
      "event_order":"1",
      "event_id":14737,
      "event_description":"PROVE VENERDI' GP GIAPPONE",
      "date":"17-09-2004",
      "date_to_print":"17 Set 2004",
      "time":"00:00",
      "time_local":"00:00",
      "specialty":"MOTOGP",
      "current":"no",
      "status":"ended",
      "status_description":"Disputata",
      "results_file":"14737.json"
    },
    {
      "sequence":2,
      "event_type":"grid",
      "event_order":"1",
      "event_id":14736,
      "event_description":"Griglia",
      "date":"18-09-2004",
      "date_to_print":"18 Set 2004",
      "time":"00:00",
      "time_local":"00:00",
      "specialty":"MOTOGP",
      "current":"no",
      "status":"ended",
      "status_description":"Disputata",
      "results_file":"14736.json"
    },
    {
      "sequence":3,
      "event_type":"race",
      "event_order":"1",
      "event_id":14735,
      "event_description":"Gara",
      "date":"19-09-2004",
      "date_to_print":"19 Set 2004",
      "time":"07:00",
      "time_local":"14:00",
      "specialty":"MOTOGP",
      "current":"yes",
      "status":"ended",
      "status_description":"Disputata",
      "results_file":"14735.json"
    }
  ]
}
