{
  "competition_id":"41",
  "competition_name":"CAMPIONATO MOND.LE PISTA",
  "competition_short_name":"MOTOMONDIALE",
  "edition_id":"1014",
  "edition_name":"2006",
  "event_id":17187,
  "event_description":"GP Stati Uniti",
  "date_start":"21-07-2006",
  "date_end":"23-07-2006",
  "items":[
    {
      "sequence":1,
      "event_type":"practice",
      "event_order":"1",
      "event_id":17633,
      "event_description":"Libere 1 GP USA",
      "date":"21-07-2006",
      "date_to_print":"21 Lug 2006",
      "time":"19:00",
      "time_local":"10:00",
      "specialty":"MOTOGP",
      "current":"no",
      "status":"ended",
      "status_description":"Disputata",
      "results_file":"17633.json"
    },
    {
      "sequence":2,
      "event_type":"practice",
      "event_order":"2",
      "event_id":17634,
      "event_description":"Libere 2 GP USA",
      "date":"21-07-2006",
      "date_to_print":"21 Lug 2006",
      "time":"23:00",
      "time_local":"14:00",
      "specialty":"MOTOGP",
      "current":"no",
      "status":"ended",
      "status_description":"Disputata",
      "results_file":"17634.json"
    },
    {
      "sequence":3,
      "event_type":"practice",
      "event_order":"3",
      "event_id":17635,
      "event_description":"Libere 3 GP USA",
      "date":"22-07-2006",
      "date_to_print":"22 Lug 2006",
      "time":"19:00",
      "time_local":"10:00",
      "specialty":"MOTOGP",
      "current":"no",
      "status":"ended",
      "status_description":"Disputata",
      "results_file":"17635.json"
    },
    {
      "sequence":4,
      "event_type":"grid",
      "event_order":"1",
      "event_id":17186,
      "event_description":"Griglia",
      "date":"22-07-2006",
      "date_to_print":"22 Lug 2006",
      "time":"23:00",
      "time_local":"14:00",
      "specialty":"MOTOGP",
      "current":"no",
      "status":"ended",
      "status_description":"Disputata",
      "results_file":"17186.json"
    },
    {
      "sequence":5,
      "event_type":"race",
      "event_order":"1",
      "event_id":17187,
      "event_description":"Gara",
      "date":"23-07-2006",
      "date_to_print":"23 Lug 2006",
      "time":"23:00",
      "time_local":"14:00",
      "specialty":"MOTOGP",
      "current":"yes",
      "status":"ended",
      "status_description":"Disputata",
      "results_file":"17187.json"
    }
  ]
}
