{
  "id":"69",
  "name":"BRNO CIRCUIT",
  "city":"BRNO",
  "country_id":"CZE",
  "country":"Rep. Ceca",
  "length":"5403",
  "bends":"14 (6 a sinistra, 8 a destra)",
  "foundation_year":"1987",
  "records":[
    {
      "type":"stage-fastest-lap",
      "year":"2015",
      "id":"518399",
      "label":"Lorenzo J.",
      "name":"Jorge",
      "surname":"Lorenzo",
      "team":"Yamaha",
      "country_id":"ESP",
      "country":"Spagna",
      "time":"1:54:989",
      "average_speed":"169,100",
      "description":"J. Lorenzo - Yamaha - 169,100 km/h - 2015"
    },
    {
      "type":"race-fastest-lap",
      "year":"2014",
      "id":"517745",
      "label":"Pedrosa D.",
      "name":"Daniel",
      "surname":"Pedrosa",
      "team":"Honda",
      "country_id":"ESP",
      "country":"Spagna",
      "time":"1:56:027",
      "average_speed":"167,600",
      "description":"D. Pedosa - Honda - 167,600 km/h - 2014"
    },
    {
      "type":"race-best-time",
      "year":"",
      "id":"",
      "label":"",
      "name":"",
      "surname":"",
      "team":"",
      "country_id":"",
      "country":"",
      "time":"",
      "average_speed":"",
      "description":"Non disponibile"
  }
  ]
}
