{
  "competition_id":"41",
  "competition_name":"CAMPIONATO MOND.LE PISTA",
  "competition_short_name":"MOTOMONDIALE",
  "edition_id":"808",
  "edition_name":"2002",
  "event_type":"grid",
  "event_id":12442,
  "event_description":"Griglia",
  "date":"12-10-2002",
  "date_to_print":"12 Ott 2002",
  "time":"00:00",
  "time_local":"00:00",
  "specialty":"MOTOGP",
  "status":"ended",
  "status_description":"Disputata",
  "standing":[
    {
      "position":"1",
      "driver_nbr":"4",
      "driver_id":"510914",
      "driver_label":"Barros A.",
      "driver_name":"Alex",
      "driver_surname":"Barros",
      "driver_team_id":"20486",
      "driver_team":"HONDA",
      "driver_country_id":"BRA",
      "driver_country":"Brasile",
      "retiredstatus":"",
      "retirednote":"",
      "laps":"",
      "time":"2:04:487",
      "gap":"",
      "points":"-",
      "pit_stop":"0"
    },
    {
      "position":"2",
      "driver_nbr":"3",
      "driver_id":"510919",
      "driver_label":"Biaggi M.",
      "driver_name":"Massimiliano",
      "driver_surname":"Biaggi",
      "driver_team_id":"20487",
      "driver_team":"Yamaha",
      "driver_country_id":"ITA",
      "driver_country":"Italia",
      "retiredstatus":"",
      "retirednote":"",
      "laps":"",
      "time":"2:04:536",
      "gap":"+0:049",
      "points":"-",
      "pit_stop":"0"
    },
    {
      "position":"3",
      "driver_nbr":"74",
      "driver_id":"512436",
      "driver_label":"Kato D.",
      "driver_name":"Daijiro",
      "driver_surname":"Kato",
      "driver_team_id":"20486",
      "driver_team":"HONDA",
      "driver_country_id":"JPN",
      "driver_country":"Giappone",
      "retiredstatus":"",
      "retirednote":"",
      "laps":"",
      "time":"2:04:680",
      "gap":"+0:193",
      "points":"-",
      "pit_stop":"0"
    },
    {
      "position":"4",
      "driver_nbr":"65",
      "driver_id":"510933",
      "driver_label":"Capirossi L.",
      "driver_name":"Loris",
      "driver_surname":"Capirossi",
      "driver_team_id":"20486",
      "driver_team":"HONDA",
      "driver_country_id":"ITA",
      "driver_country":"Italia",
      "retiredstatus":"",
      "retirednote":"",
      "laps":"",
      "time":"2:04:785",
      "gap":"+0:298",
      "points":"-",
      "pit_stop":"0"
    },
    {
      "position":"5",
      "driver_nbr":"7",
      "driver_id":"511191",
      "driver_label":"Checa C.",
      "driver_name":"Carlos",
      "driver_surname":"Checa",
      "driver_team_id":"20487",
      "driver_team":"Yamaha",
      "driver_country_id":"ESP",
      "driver_country":"Spagna",
      "retiredstatus":"",
      "retirednote":"",
      "laps":"",
      "time":"2:05:031",
      "gap":"+0:544",
      "points":"-",
      "pit_stop":"0"
    },
    {
      "position":"6",
      "driver_nbr":"11",
      "driver_id":"511225",
      "driver_label":"Ukawa T.",
      "driver_name":"Tohru",
      "driver_surname":"Ukawa",
      "driver_team_id":"20486",
      "driver_team":"HONDA",
      "driver_country_id":"JPN",
      "driver_country":"Giappone",
      "retiredstatus":"",
      "retirednote":"",
      "laps":"",
      "time":"2:05:106",
      "gap":"+0:619",
      "points":"-",
      "pit_stop":"0"
    },
    {
      "position":"7",
      "driver_nbr":"99",
      "driver_id":"511177",
      "driver_label":"Mc Williams J.",
      "driver_name":"Jeremy",
      "driver_surname":"Mc Williams",
      "driver_team_id":"20710",
      "driver_team":"Proton",
      "driver_country_id":"GBR",
      "driver_country":"Gran Bretagna",
      "retiredstatus":"",
      "retirednote":"",
      "laps":"",
      "time":"2:05:170",
      "gap":"+0:683",
      "points":"-",
      "pit_stop":"0"
    },
    {
      "position":"8",
      "driver_nbr":"46",
      "driver_id":"511282",
      "driver_label":"Rossi V.",
      "driver_name":"Valentino",
      "driver_surname":"Rossi",
      "driver_team_id":"20486",
      "driver_team":"HONDA",
      "driver_country_id":"ITA",
      "driver_country":"Italia",
      "retiredstatus":"",
      "retirednote":"",
      "laps":"",
      "time":"2:05:188",
      "gap":"+0:701",
      "points":"-",
      "pit_stop":"0"
    },
    {
      "position":"9",
      "driver_nbr":"8",
      "driver_id":"511018",
      "driver_label":"Mc Coy G.",
      "driver_name":"Garry",
      "driver_surname":"Mc Coy",
      "driver_team_id":"20487",
      "driver_team":"Yamaha",
      "driver_country_id":"AUS",
      "driver_country":"Australia",
      "retiredstatus":"",
      "retirednote":"",
      "laps":"",
      "time":"2:05:400",
      "gap":"+0:913",
      "points":"-",
      "pit_stop":"0"
    },
    {
      "position":"10",
      "driver_nbr":"17",
      "driver_id":"514947",
      "driver_label":"Van Der Goorbergh J.",
      "driver_name":"Jurgen",
      "driver_surname":"Van Der Goorbergh",
      "driver_team_id":"20486",
      "driver_team":"HONDA",
      "driver_country_id":"NED",
      "driver_country":"Olanda",
      "retiredstatus":"",
      "retirednote":"",
      "laps":"",
      "time":"2:05:671",
      "gap":"+1:184",
      "points":"-",
      "pit_stop":"0"
    },
    {
      "position":"11",
      "driver_nbr":"6",
      "driver_id":"511195",
      "driver_label":"Abe N.",
      "driver_name":"Norick",
      "driver_surname":"Abe",
      "driver_team_id":"20487",
      "driver_team":"Yamaha",
      "driver_country_id":"JPN",
      "driver_country":"Giappone",
      "retiredstatus":"",
      "retirednote":"",
      "laps":"",
      "time":"2:05:800",
      "gap":"+1:313",
      "points":"-",
      "pit_stop":"0"
    },
    {
      "position":"12",
      "driver_nbr":"10",
      "driver_id":"511074",
      "driver_label":"Roberts Jr K.",
      "driver_name":"Kenny",
      "driver_surname":"Roberts Jr",
      "driver_team_id":"20488",
      "driver_team":"SUZUKI",
      "driver_country_id":"USA",
      "driver_country":"Stati Uniti",
      "retiredstatus":"",
      "retirednote":"",
      "laps":"",
      "time":"2:05:911",
      "gap":"+1:424",
      "points":"-",
      "pit_stop":"0"
    },
    {
      "position":"13",
      "driver_nbr":"9",
      "driver_id":"511192",
      "driver_label":"Aoki N.",
      "driver_name":"Nobuatsu",
      "driver_surname":"Aoki",
      "driver_team_id":"20710",
      "driver_team":"Proton",
      "driver_country_id":"JPN",
      "driver_country":"Giappone",
      "retiredstatus":"",
      "retirednote":"",
      "laps":"",
      "time":"2:06:061",
      "gap":"+1:574",
      "points":"-",
      "pit_stop":"0"
    },
    {
      "position":"14",
      "driver_nbr":"31",
      "driver_id":"511017",
      "driver_label":"Harada T.",
      "driver_name":"Tetsuya",
      "driver_surname":"Harada",
      "driver_team_id":"20486",
      "driver_team":"HONDA",
      "driver_country_id":"JPN",
      "driver_country":"Giappone",
      "retiredstatus":"",
      "retirednote":"",
      "laps":"",
      "time":"2:06:148",
      "gap":"+1:661",
      "points":"-",
      "pit_stop":"0"
    },
    {
      "position":"15",
      "driver_nbr":"15",
      "driver_id":"511337",
      "driver_label":"Gibernau S.",
      "driver_name":"Sete",
      "driver_surname":"Gibernau",
      "driver_team_id":"20488",
      "driver_team":"SUZUKI",
      "driver_country_id":"ESP",
      "driver_country":"Spagna",
      "retiredstatus":"",
      "retirednote":"",
      "laps":"",
      "time":"2:06:362",
      "gap":"+1:875",
      "points":"-",
      "pit_stop":"0"
    },
    {
      "position":"16",
      "driver_nbr":"56",
      "driver_id":"512216",
      "driver_label":"Nakano S.",
      "driver_name":"Shinya",
      "driver_surname":"Nakano",
      "driver_team_id":"20487",
      "driver_team":"Yamaha",
      "driver_country_id":"JPN",
      "driver_country":"Giappone",
      "retiredstatus":"",
      "retirednote":"",
      "laps":"",
      "time":"2:06:451",
      "gap":"+1:964",
      "points":"-",
      "pit_stop":"0"
    },
    {
      "position":"17",
      "driver_nbr":"19",
      "driver_id":"511227",
      "driver_label":"Jacque O.",
      "driver_name":"Olivier",
      "driver_surname":"Jacque",
      "driver_team_id":"20487",
      "driver_team":"Yamaha",
      "driver_country_id":"FRA",
      "driver_country":"Francia",
      "retiredstatus":"",
      "retirednote":"",
      "laps":"",
      "time":"2:06:580",
      "gap":"+2:093",
      "points":"-",
      "pit_stop":"0"
    },
    {
      "position":"18",
      "driver_nbr":"33",
      "driver_id":"512294",
      "driver_label":"Ryo A.",
      "driver_name":"Akira",
      "driver_surname":"Ryo",
      "driver_team_id":"20488",
      "driver_team":"SUZUKI",
      "driver_country_id":"JPN",
      "driver_country":"Giappone",
      "retiredstatus":"",
      "retirednote":"",
      "laps":"",
      "time":"2:06:635",
      "gap":"+2:148",
      "points":"-",
      "pit_stop":"0"
    },
    {
      "position":"19",
      "driver_nbr":"21",
      "driver_id":"518403",
      "driver_label":"Hopkins J.",
      "driver_name":"John",
      "driver_surname":"Hopkins",
      "driver_team_id":"20487",
      "driver_team":"Yamaha",
      "driver_country_id":"USA",
      "driver_country":"Stati Uniti",
      "retiredstatus":"",
      "retirednote":"",
      "laps":"",
      "time":"2:06:857",
      "gap":"+2:370",
      "points":"-",
      "pit_stop":"0"
    },
    {
      "position":"20",
      "driver_nbr":"55",
      "driver_id":"511312",
      "driver_label":"Laconi R.",
      "driver_name":"Regis",
      "driver_surname":"Laconi",
      "driver_team_id":"20489",
      "driver_team":"Aprilia",
      "driver_country_id":"FRA",
      "driver_country":"Francia",
      "retiredstatus":"",
      "retirednote":"",
      "laps":"",
      "time":"2:07:126",
      "gap":"+2:639",
      "points":"-",
      "pit_stop":"0"
    },
    {
      "position":"21",
      "driver_nbr":"30",
      "driver_id":"511193",
      "driver_label":"Cardoso J.",
      "driver_name":"Jose' Luis",
      "driver_surname":"Cardoso",
      "driver_team_id":"20487",
      "driver_team":"Yamaha",
      "driver_country_id":"ESP",
      "driver_country":"Spagna",
      "retiredstatus":"",
      "retirednote":"",
      "laps":"",
      "time":"2:08:028",
      "gap":"+3:541",
      "points":"-",
      "pit_stop":"0"
    },
    {
      "position":"22",
      "driver_nbr":"84",
      "driver_id":"518579",
      "driver_label":"Pitt A.",
      "driver_name":"Andrew",
      "driver_surname":"Pitt",
      "driver_team_id":"20206",
      "driver_team":"Kawasaki",
      "driver_country_id":"AUS",
      "driver_country":"Australia",
      "retiredstatus":"",
      "retirednote":"",
      "laps":"",
      "time":"2:09:106",
      "gap":"+4:619",
      "points":"-",
      "pit_stop":"0"
    }
  ]
}
