{
  "id":"4",
  "name":"SEPANG INTERNATIONAL CIRCUIT",
  "city":"SEPANG",
  "country_id":"MAS",
  "country":"Malesia",
  "length":"5543",
  "bends":"15 (5 a sinistra, 10 a destra)",
  "foundation_year":"1999",
  "records":[
    {
      "type":"stage-fastest-lap",
      "year":"2015",
      "id":"517745",
      "label":"Pedrosa D.",
      "name":"Daniel",
      "surname":"Pedrosa",
      "team":"Honda",
      "country_id":"ESP",
      "country":"Spagna",
      "time":"1:59:053",
      "average_speed":"167,600",
      "description":"D. Pedrosa - Honda - 167,600 km/h - 2015"
    },
    {
      "type":"race-fastest-lap",
      "year":"2015",
      "id":"518399",
      "label":"Lorenzo J.",
      "name":"Jorge",
      "surname":"Lorenzo",
      "team":"Yamaha",
      "country_id":"ESP",
      "country":"Spagna",
      "time":"2:00:606",
      "average_speed":"165,400",
      "description":"J. Lorenzo - Yamaha - 165,400 km/h - 2015"
    },
    {
      "type":"race-best-time",
      "year":"",
      "id":"",
      "label":"",
      "name":"",
      "surname":"",
      "team":"",
      "country_id":"",
      "country":"",
      "time":"",
      "average_speed":"",
      "description":"Non disponibile"
  }
  ]
}
