{
  "competition_id":"41",
  "competition_name":"CAMPIONATO MOND.LE PISTA",
  "competition_short_name":"MOTOMONDIALE",
  "edition_id":"808",
  "edition_name":"2002",
  "event_id":12394,
  "event_description":"GP Malesia",
  "date_start":"11-10-2002",
  "date_end":"13-10-2002",
  "items":[
    {
      "sequence":1,
      "event_type":"practice",
      "event_order":"1",
      "event_id":12445,
      "event_description":"PROVE VENERDI' GP MALESIA",
      "date":"11-10-2002",
      "date_to_print":"11 Ott 2002",
      "time":"00:00",
      "time_local":"00:00",
      "specialty":"MOTOGP",
      "current":"no",
      "status":"ended",
      "status_description":"Disputata",
      "results_file":"12445.json"
    },
    {
      "sequence":2,
      "event_type":"grid",
      "event_order":"1",
      "event_id":12442,
      "event_description":"Griglia",
      "date":"12-10-2002",
      "date_to_print":"12 Ott 2002",
      "time":"00:00",
      "time_local":"00:00",
      "specialty":"MOTOGP",
      "current":"no",
      "status":"ended",
      "status_description":"Disputata",
      "results_file":"12442.json"
    },
    {
      "sequence":3,
      "event_type":"race",
      "event_order":"1",
      "event_id":12394,
      "event_description":"Gara",
      "date":"13-10-2002",
      "date_to_print":"13 Ott 2002",
      "time":"08:00",
      "time_local":"14:00",
      "specialty":"MOTOGP",
      "current":"yes",
      "status":"ended",
      "status_description":"Disputata",
      "results_file":"12394.json"
    }
  ]
}
