{
  "id":"70",
  "name":"MOTEGI CIRCUIT",
  "city":" MOTEGI",
  "country_id":"JPN",
  "country":"Giappone",
  "length":"4801",
  "bends":"14 (6 a sinistra, 8 a destra)",
  "foundation_year":"1997",
  "records":[
    {
      "type":"stage-fastest-lap",
      "year":"2015",
      "id":"518399",
      "label":"Lorenzo J.",
      "name":"Jorge",
      "surname":"Lorenzo",
      "team":"Yamaha",
      "country_id":"ESP",
      "country":"Spagna",
      "time":"1:43:790",
      "average_speed":"166,50",
      "description":"J. Lorenzo  - Yamaha - 166.50 km/h - 2015"
    },
    {
      "type":"race-fastest-lap",
      "year":"2014",
      "id":"518399",
      "label":"Lorenzo J.",
      "name":"Jorge",
      "surname":"Lorenzo",
      "team":"Yamaha",
      "country_id":"ESP",
      "country":"Spagna",
      "time":"1:45:350",
      "average_speed":"164,059",
      "description":"J. Lorenzo  - Yamaha - 164,059 km/h - 2014"
    },
    {
      "type":"race-best-time",
      "year":"",
      "id":"",
      "label":"",
      "name":"",
      "surname":"",
      "team":"",
      "country_id":"",
      "country":"",
      "time":"",
      "average_speed":"",
      "description":"Non disponibile"
  }
  ]
}
