{
  "competition_id":"41",
  "competition_name":"CAMPIONATO MOND.LE PISTA",
  "competition_short_name":"MOTOMONDIALE",
  "edition_id":"1033",
  "edition_name":"2007",
  "event_id":18553,
  "event_description":"GP Stati Uniti",
  "date_start":"20-07-2007",
  "date_end":"22-07-2007",
  "items":[
    {
      "sequence":1,
      "event_type":"practice",
      "event_order":"1",
      "event_id":19182,
      "event_description":"Libere 1 Gp USA",
      "date":"20-07-2007",
      "date_to_print":"20 Lug 2007",
      "time":"19:00",
      "time_local":"10:00",
      "specialty":"MOTOGP",
      "current":"no",
      "status":"ended",
      "status_description":"Disputata",
      "results_file":"19182.json"
    },
    {
      "sequence":2,
      "event_type":"practice",
      "event_order":"2",
      "event_id":19183,
      "event_description":"Libere 2 Gp USA",
      "date":"20-07-2007",
      "date_to_print":"20 Lug 2007",
      "time":"22:50",
      "time_local":"13:50",
      "specialty":"MOTOGP",
      "current":"no",
      "status":"ended",
      "status_description":"Disputata",
      "results_file":"19183.json"
    },
    {
      "sequence":3,
      "event_type":"practice",
      "event_order":"3",
      "event_id":19184,
      "event_description":"Libere 3 Gp USA",
      "date":"21-07-2007",
      "date_to_print":"21 Lug 2007",
      "time":"19:00",
      "time_local":"10:00",
      "specialty":"MOTOGP",
      "current":"no",
      "status":"ended",
      "status_description":"Disputata",
      "results_file":"19184.json"
    },
    {
      "sequence":4,
      "event_type":"grid",
      "event_order":"1",
      "event_id":18554,
      "event_description":"Griglia",
      "date":"21-07-2007",
      "date_to_print":"21 Lug 2007",
      "time":"22:50",
      "time_local":"13:50",
      "specialty":"MOTOGP",
      "current":"no",
      "status":"ended",
      "status_description":"Disputata",
      "results_file":"18554.json"
    },
    {
      "sequence":5,
      "event_type":"race",
      "event_order":"1",
      "event_id":18553,
      "event_description":"Gara",
      "date":"22-07-2007",
      "date_to_print":"22 Lug 2007",
      "time":"23:00",
      "time_local":"14:00",
      "specialty":"MOTOGP",
      "current":"yes",
      "status":"ended",
      "status_description":"Disputata",
      "results_file":"18553.json"
    }
  ]
}
