{
  "competition_id":"41",
  "competition_name":"CAMPIONATO MOND.LE PISTA",
  "competition_short_name":"MOTOMONDIALE",
  "edition_id":"932",
  "edition_name":"2005",
  "event_id":15624,
  "event_description":"GP Germania",
  "date_start":"30-07-2005",
  "date_end":"31-07-2005",
  "items":[
    {
      "sequence":1,
      "event_type":"grid",
      "event_order":"1",
      "event_id":15621,
      "event_description":"Griglia",
      "date":"30-07-2005",
      "date_to_print":"30 Lug 2005",
      "time":"14:00",
      "time_local":"14:00",
      "specialty":"MOTOGP",
      "current":"no",
      "status":"ended",
      "status_description":"Disputata",
      "results_file":"15621.json"
    },
    {
      "sequence":2,
      "event_type":"race",
      "event_order":"1",
      "event_id":15624,
      "event_description":"Gara",
      "date":"31-07-2005",
      "date_to_print":"31 Lug 2005",
      "time":"12:30",
      "time_local":"12:30",
      "specialty":"MOTOGP",
      "current":"yes",
      "status":"ended",
      "status_description":"Disputata",
      "results_file":"15624.json"
    }
  ]
}
