{
  "competition_id":"41",
  "competition_name":"CAMPIONATO MOND.LE PISTA",
  "competition_short_name":"MOTOMONDIALE",
  "edition_id":"865",
  "edition_name":"2003",
  "events":[
    {
      "sequence":1,
      "id":13443,
      "description":"GP Giappone",
      "country_id":"JPN",
      "country":"Giappone",
      "date_start":"06-04-2003",
      "date_start_to_print":"06 Apr 2003",
      "date_end":"06-04-2003",
      "date_end_to_print":"06 Apr 2003",
      "status":"ended",
      "current":"no"
    },
    {
      "sequence":2,
      "id":13449,
      "description":"GP Sudafrica",
      "country_id":"RSA",
      "country":"Sudafrica",
      "date_start":"27-04-2003",
      "date_start_to_print":"27 Apr 2003",
      "date_end":"27-04-2003",
      "date_end_to_print":"27 Apr 2003",
      "status":"ended",
      "current":"no"
    },
    {
      "sequence":3,
      "id":13455,
      "description":"GP Spagna",
      "country_id":"ESP",
      "country":"Spagna",
      "date_start":"11-05-2003",
      "date_start_to_print":"11 Mag 2003",
      "date_end":"11-05-2003",
      "date_end_to_print":"11 Mag 2003",
      "status":"ended",
      "current":"no"
    },
    {
      "sequence":4,
      "id":13461,
      "description":"GP Francia",
      "country_id":"FRA",
      "country":"Francia",
      "date_start":"25-05-2003",
      "date_start_to_print":"25 Mag 2003",
      "date_end":"25-05-2003",
      "date_end_to_print":"25 Mag 2003",
      "status":"ended",
      "current":"no"
    },
    {
      "sequence":5,
      "id":13467,
      "description":"GP Italia",
      "country_id":"ITA",
      "country":"Italia",
      "date_start":"08-06-2003",
      "date_start_to_print":"08 Giu 2003",
      "date_end":"08-06-2003",
      "date_end_to_print":"08 Giu 2003",
      "status":"ended",
      "current":"no"
    },
    {
      "sequence":6,
      "id":13473,
      "description":"GP Catalunya",
      "country_id":"ESP",
      "country":"Spagna",
      "date_start":"15-06-2003",
      "date_start_to_print":"15 Giu 2003",
      "date_end":"15-06-2003",
      "date_end_to_print":"15 Giu 2003",
      "status":"ended",
      "current":"no"
    },
    {
      "sequence":7,
      "id":13479,
      "description":"GP Olanda",
      "country_id":"NED",
      "country":"Olanda",
      "date_start":"28-06-2003",
      "date_start_to_print":"28 Giu 2003",
      "date_end":"28-06-2003",
      "date_end_to_print":"28 Giu 2003",
      "status":"ended",
      "current":"no"
    },
    {
      "sequence":8,
      "id":13485,
      "description":"GP Gran Bretagna",
      "country_id":"GBR",
      "country":"Gran Bretagna",
      "date_start":"13-07-2003",
      "date_start_to_print":"13 Lug 2003",
      "date_end":"13-07-2003",
      "date_end_to_print":"13 Lug 2003",
      "status":"ended",
      "current":"no"
    },
    {
      "sequence":9,
      "id":13491,
      "description":"GP Germania",
      "country_id":"GER",
      "country":"Germania",
      "date_start":"27-07-2003",
      "date_start_to_print":"27 Lug 2003",
      "date_end":"27-07-2003",
      "date_end_to_print":"27 Lug 2003",
      "status":"ended",
      "current":"no"
    },
    {
      "sequence":10,
      "id":13497,
      "description":"GP Repubblica Ceca",
      "country_id":"CZE",
      "country":"Rep. Ceca",
      "date_start":"17-08-2003",
      "date_start_to_print":"17 Ago 2003",
      "date_end":"17-08-2003",
      "date_end_to_print":"17 Ago 2003",
      "status":"ended",
      "current":"no"
    },
    {
      "sequence":11,
      "id":13503,
      "description":"GP Portogallo",
      "country_id":"POR",
      "country":"Portogallo",
      "date_start":"07-09-2003",
      "date_start_to_print":"07 Set 2003",
      "date_end":"07-09-2003",
      "date_end_to_print":"07 Set 2003",
      "status":"ended",
      "current":"no"
    },
    {
      "sequence":12,
      "id":13509,
      "description":"GP Brasile",
      "country_id":"BRA",
      "country":"Brasile",
      "date_start":"20-09-2003",
      "date_start_to_print":"20 Set 2003",
      "date_end":"20-09-2003",
      "date_end_to_print":"20 Set 2003",
      "status":"ended",
      "current":"no"
    },
    {
      "sequence":13,
      "id":13515,
      "description":"GP Pacifico",
      "country_id":"JPN",
      "country":"Giappone",
      "date_start":"05-10-2003",
      "date_start_to_print":"05 Ott 2003",
      "date_end":"05-10-2003",
      "date_end_to_print":"05 Ott 2003",
      "status":"ended",
      "current":"no"
    },
    {
      "sequence":14,
      "id":13521,
      "description":"GP Malesia",
      "country_id":"MAS",
      "country":"Malesia",
      "date_start":"12-10-2003",
      "date_start_to_print":"12 Ott 2003",
      "date_end":"12-10-2003",
      "date_end_to_print":"12 Ott 2003",
      "status":"ended",
      "current":"no"
    },
    {
      "sequence":15,
      "id":13527,
      "description":"GP Australia",
      "country_id":"AUS",
      "country":"Australia",
      "date_start":"19-10-2003",
      "date_start_to_print":"19 Ott 2003",
      "date_end":"19-10-2003",
      "date_end_to_print":"19 Ott 2003",
      "status":"ended",
      "current":"no"
    },
    {
      "sequence":16,
      "id":13533,
      "description":"GP Comunita' Valenciana",
      "country_id":"ESP",
      "country":"Spagna",
      "date_start":"02-11-2003",
      "date_start_to_print":"02 Nov 2003",
      "date_end":"02-11-2003",
      "date_end_to_print":"02 Nov 2003",
      "status":"ended",
      "current":"yes"
    }
  ]
}
