{
  "competition_id":"41",
  "competition_name":"CAMPIONATO MOND.LE PISTA",
  "competition_short_name":"MOTOMONDIALE",
  "edition_id":"932",
  "edition_name":"2005",
  "event_id":15660,
  "event_description":"GP Turchia",
  "date_start":"22-10-2005",
  "date_end":"23-10-2005",
  "items":[
    {
      "sequence":1,
      "event_type":"grid",
      "event_order":"1",
      "event_id":15657,
      "event_description":"Griglia",
      "date":"22-10-2005",
      "date_to_print":"22 Ott 2005",
      "time":"00:00",
      "time_local":"00:00",
      "specialty":"MOTOGP",
      "current":"no",
      "status":"ended",
      "status_description":"Disputata",
      "results_file":"15657.json"
    },
    {
      "sequence":2,
      "event_type":"race",
      "event_order":"1",
      "event_id":15660,
      "event_description":"Gara",
      "date":"23-10-2005",
      "date_to_print":"23 Ott 2005",
      "time":"13:00",
      "time_local":"14:00",
      "specialty":"MOTOGP",
      "current":"yes",
      "status":"ended",
      "status_description":"Disputata",
      "results_file":"15660.json"
    }
  ]
}
