{
  "competition_id":"41",
  "competition_name":"CAMPIONATO MOND.LE PISTA",
  "competition_short_name":"MOTOMONDIALE",
  "edition_id":"865",
  "edition_name":"2003",
  "event_id":13533,
  "event_description":"GP Comunita' Valenciana",
  "date_start":"31-10-2003",
  "date_end":"02-11-2003",
  "items":[
    {
      "sequence":1,
      "event_type":"practice",
      "event_order":"1",
      "event_id":13535,
      "event_description":"PROVE VENERDI' GP COMUNITA' VAL",
      "date":"31-10-2003",
      "date_to_print":"31 Ott 2003",
      "time":"00:00",
      "time_local":"00:00",
      "specialty":"MOTOGP",
      "current":"no",
      "status":"ended",
      "status_description":"Disputata",
      "results_file":"13535.json"
    },
    {
      "sequence":2,
      "event_type":"grid",
      "event_order":"1",
      "event_id":13534,
      "event_description":"Griglia",
      "date":"01-11-2003",
      "date_to_print":"01 Nov 2003",
      "time":"00:00",
      "time_local":"00:00",
      "specialty":"MOTOGP",
      "current":"no",
      "status":"ended",
      "status_description":"Disputata",
      "results_file":"13534.json"
    },
    {
      "sequence":3,
      "event_type":"race",
      "event_order":"1",
      "event_id":13533,
      "event_description":"Gara",
      "date":"02-11-2003",
      "date_to_print":"02 Nov 2003",
      "time":"13:00",
      "time_local":"13:00",
      "specialty":"MOTOGP",
      "current":"yes",
      "status":"ended",
      "status_description":"Disputata",
      "results_file":"13533.json"
    }
  ]
}
