{
  "competition_id":"41",
  "competition_name":"CAMPIONATO MOND.LE PISTA",
  "competition_short_name":"MOTOMONDIALE",
  "edition_id":"932",
  "edition_name":"2005",
  "event_id":15612,
  "event_description":"GP Stati Uniti",
  "date_start":"09-07-2005",
  "date_end":"10-07-2005",
  "items":[
    {
      "sequence":1,
      "event_type":"grid",
      "event_order":"1",
      "event_id":15611,
      "event_description":"Griglia",
      "date":"09-07-2005",
      "date_to_print":"09 Lug 2005",
      "time":"23:00",
      "time_local":"23:00",
      "specialty":"MOTOGP",
      "current":"no",
      "status":"ended",
      "status_description":"Disputata",
      "results_file":"15611.json"
    },
    {
      "sequence":2,
      "event_type":"race",
      "event_order":"1",
      "event_id":15612,
      "event_description":"Gara",
      "date":"10-07-2005",
      "date_to_print":"10 Lug 2005",
      "time":"23:00",
      "time_local":"23:00",
      "specialty":"MOTOGP",
      "current":"yes",
      "status":"ended",
      "status_description":"Disputata",
      "results_file":"15612.json"
    }
  ]
}
