{
  "competition_id":"41",
  "competition_name":"CAMPIONATO MOND.LE PISTA",
  "competition_short_name":"MOTOMONDIALE",
  "edition_id":"932",
  "edition_name":"2005",
  "events":[
    {
      "sequence":1,
      "id":15574,
      "description":"GP Spagna",
      "country_id":"ESP",
      "country":"Spagna",
      "date_start":"10-04-2005",
      "date_start_to_print":"10 Apr 2005",
      "date_end":"10-04-2005",
      "date_end_to_print":"10 Apr 2005",
      "status":"ended",
      "current":"no"
    },
    {
      "sequence":2,
      "id":15580,
      "description":"GP Portogallo",
      "country_id":"POR",
      "country":"Portogallo",
      "date_start":"17-04-2005",
      "date_start_to_print":"17 Apr 2005",
      "date_end":"17-04-2005",
      "date_end_to_print":"17 Apr 2005",
      "status":"ended",
      "current":"no"
    },
    {
      "sequence":3,
      "id":15586,
      "description":"GP Cina",
      "country_id":"CHN",
      "country":"Cina",
      "date_start":"01-05-2005",
      "date_start_to_print":"01 Mag 2005",
      "date_end":"01-05-2005",
      "date_end_to_print":"01 Mag 2005",
      "status":"ended",
      "current":"no"
    },
    {
      "sequence":4,
      "id":15592,
      "description":"GP Francia",
      "country_id":"FRA",
      "country":"Francia",
      "date_start":"15-05-2005",
      "date_start_to_print":"15 Mag 2005",
      "date_end":"15-05-2005",
      "date_end_to_print":"15 Mag 2005",
      "status":"ended",
      "current":"no"
    },
    {
      "sequence":5,
      "id":15598,
      "description":"GP Italia",
      "country_id":"ITA",
      "country":"Italia",
      "date_start":"05-06-2005",
      "date_start_to_print":"05 Giu 2005",
      "date_end":"05-06-2005",
      "date_end_to_print":"05 Giu 2005",
      "status":"ended",
      "current":"no"
    },
    {
      "sequence":6,
      "id":15604,
      "description":"GP Catalunya",
      "country_id":"ESP",
      "country":"Spagna",
      "date_start":"12-06-2005",
      "date_start_to_print":"12 Giu 2005",
      "date_end":"12-06-2005",
      "date_end_to_print":"12 Giu 2005",
      "status":"ended",
      "current":"no"
    },
    {
      "sequence":7,
      "id":15610,
      "description":"GP Olanda",
      "country_id":"NED",
      "country":"Olanda",
      "date_start":"25-06-2005",
      "date_start_to_print":"25 Giu 2005",
      "date_end":"25-06-2005",
      "date_end_to_print":"25 Giu 2005",
      "status":"ended",
      "current":"no"
    },
    {
      "sequence":8,
      "id":15612,
      "description":"GP Stati Uniti",
      "country_id":"USA",
      "country":"Stati Uniti",
      "date_start":"10-07-2005",
      "date_start_to_print":"10 Lug 2005",
      "date_end":"10-07-2005",
      "date_end_to_print":"10 Lug 2005",
      "status":"ended",
      "current":"no"
    },
    {
      "sequence":9,
      "id":15618,
      "description":"GP Gran Bretagna",
      "country_id":"GBR",
      "country":"Gran Bretagna",
      "date_start":"24-07-2005",
      "date_start_to_print":"24 Lug 2005",
      "date_end":"24-07-2005",
      "date_end_to_print":"24 Lug 2005",
      "status":"ended",
      "current":"no"
    },
    {
      "sequence":10,
      "id":15624,
      "description":"GP Germania",
      "country_id":"GER",
      "country":"Germania",
      "date_start":"31-07-2005",
      "date_start_to_print":"31 Lug 2005",
      "date_end":"31-07-2005",
      "date_end_to_print":"31 Lug 2005",
      "status":"ended",
      "current":"no"
    },
    {
      "sequence":11,
      "id":15630,
      "description":"GP Repubblica Ceca",
      "country_id":"CZE",
      "country":"Rep. Ceca",
      "date_start":"28-08-2005",
      "date_start_to_print":"28 Ago 2005",
      "date_end":"28-08-2005",
      "date_end_to_print":"28 Ago 2005",
      "status":"ended",
      "current":"no"
    },
    {
      "sequence":12,
      "id":15636,
      "description":"GP Giappone",
      "country_id":"JPN",
      "country":"Giappone",
      "date_start":"18-09-2005",
      "date_start_to_print":"18 Set 2005",
      "date_end":"18-09-2005",
      "date_end_to_print":"18 Set 2005",
      "status":"ended",
      "current":"no"
    },
    {
      "sequence":13,
      "id":15642,
      "description":"GP Malesia",
      "country_id":"MAS",
      "country":"Malesia",
      "date_start":"25-09-2005",
      "date_start_to_print":"25 Set 2005",
      "date_end":"25-09-2005",
      "date_end_to_print":"25 Set 2005",
      "status":"ended",
      "current":"no"
    },
    {
      "sequence":14,
      "id":15648,
      "description":"GP Qatar",
      "country_id":"QAT",
      "country":"Qatar",
      "date_start":"01-10-2005",
      "date_start_to_print":"01 Ott 2005",
      "date_end":"01-10-2005",
      "date_end_to_print":"01 Ott 2005",
      "status":"ended",
      "current":"no"
    },
    {
      "sequence":15,
      "id":15654,
      "description":"GP Australia",
      "country_id":"AUS",
      "country":"Australia",
      "date_start":"16-10-2005",
      "date_start_to_print":"16 Ott 2005",
      "date_end":"16-10-2005",
      "date_end_to_print":"16 Ott 2005",
      "status":"ended",
      "current":"no"
    },
    {
      "sequence":16,
      "id":15660,
      "description":"GP Turchia",
      "country_id":"TUR",
      "country":"Turchia",
      "date_start":"23-10-2005",
      "date_start_to_print":"23 Ott 2005",
      "date_end":"23-10-2005",
      "date_end_to_print":"23 Ott 2005",
      "status":"ended",
      "current":"no"
    },
    {
      "sequence":17,
      "id":15664,
      "description":"GP Comunita' Valenciana",
      "country_id":"ESP",
      "country":"Spagna",
      "date_start":"06-11-2005",
      "date_start_to_print":"06 Nov 2005",
      "date_end":"06-11-2005",
      "date_end_to_print":"06 Nov 2005",
      "status":"ended",
      "current":"yes"
    }
  ]
}
