{
  "competition_id":"41",
  "competition_name":"CAMPIONATO MOND.LE PISTA",
  "competition_short_name":"MOTOMONDIALE",
  "edition_id":"1014",
  "edition_name":"2006",
  "event_type":"race",
  "event_id":17183,
  "event_description":"Gara",
  "date":"02-07-2006",
  "date_to_print":"02 Lug 2006",
  "time":"14:00",
  "time_local":"13:00",
  "specialty":"MOTOGP",
  "status":"ended",
  "status_description":"Disputata",
  "standing":[
    {
      "position":"1",
      "driver_nbr":"26",
      "driver_id":"517745",
      "driver_label":"Pedrosa D.",
      "driver_name":"Daniel",
      "driver_surname":"Pedrosa",
      "driver_team_id":"20486",
      "driver_team":"HONDA",
      "driver_country_id":"ESP",
      "driver_country":"Spagna",
      "retiredstatus":"",
      "retirednote":"",
      "laps":"",
      "time":"44:54:878",
      "gap":"",
      "points":"25",
      "pit_stop":"0"
    },
    {
      "position":"2",
      "driver_nbr":"46",
      "driver_id":"511282",
      "driver_label":"Rossi V.",
      "driver_name":"Valentino",
      "driver_surname":"Rossi",
      "driver_team_id":"20487",
      "driver_team":"Yamaha",
      "driver_country_id":"ITA",
      "driver_country":"Italia",
      "retiredstatus":"",
      "retirednote":"",
      "laps":"",
      "time":"44:58:742",
      "gap":"+3:864",
      "points":"20",
      "pit_stop":"0"
    },
    {
      "position":"3",
      "driver_nbr":"33",
      "driver_id":"511664",
      "driver_label":"Melandri M.",
      "driver_name":"Marco",
      "driver_surname":"Melandri",
      "driver_team_id":"20486",
      "driver_team":"HONDA",
      "driver_country_id":"ITA",
      "driver_country":"Italia",
      "retiredstatus":"",
      "retirednote":"",
      "laps":"",
      "time":"44:58:894",
      "gap":"+4:016",
      "points":"16",
      "pit_stop":"0"
    },
    {
      "position":"4",
      "driver_nbr":"27",
      "driver_id":"518050",
      "driver_label":"Stoner C.",
      "driver_name":"Casey",
      "driver_surname":"Stoner",
      "driver_team_id":"20486",
      "driver_team":"HONDA",
      "driver_country_id":"AUS",
      "driver_country":"Australia",
      "retiredstatus":"",
      "retirednote":"",
      "laps":"",
      "time":"45:00:654",
      "gap":"+5:776",
      "points":"13",
      "pit_stop":"0"
    },
    {
      "position":"5",
      "driver_nbr":"10",
      "driver_id":"511074",
      "driver_label":"Roberts Jr K.",
      "driver_name":"Kenny",
      "driver_surname":"Roberts Jr",
      "driver_team_id":"21023",
      "driver_team":"KR212V",
      "driver_country_id":"USA",
      "driver_country":"Stati Uniti",
      "retiredstatus":"",
      "retirednote":"",
      "laps":"",
      "time":"45:04:474",
      "gap":"+9:596",
      "points":"11",
      "pit_stop":"0"
    },
    {
      "position":"6",
      "driver_nbr":"5",
      "driver_id":"511440",
      "driver_label":"Edwards C.",
      "driver_name":"Colin",
      "driver_surname":"Edwards",
      "driver_team_id":"20487",
      "driver_team":"Yamaha",
      "driver_country_id":"USA",
      "driver_country":"Stati Uniti",
      "retiredstatus":"",
      "retirednote":"",
      "laps":"",
      "time":"45:16:588",
      "gap":"+21:710",
      "points":"10",
      "pit_stop":"0"
    },
    {
      "position":"7",
      "driver_nbr":"69",
      "driver_id":"518556",
      "driver_label":"Hayden N.",
      "driver_name":"Nicky",
      "driver_surname":"Hayden",
      "driver_team_id":"20486",
      "driver_team":"HONDA",
      "driver_country_id":"USA",
      "driver_country":"Stati Uniti",
      "retiredstatus":"",
      "retirednote":"",
      "laps":"",
      "time":"45:20:642",
      "gap":"+25:764",
      "points":"9",
      "pit_stop":"0"
    },
    {
      "position":"8",
      "driver_nbr":"21",
      "driver_id":"518403",
      "driver_label":"Hopkins J.",
      "driver_name":"John",
      "driver_surname":"Hopkins",
      "driver_team_id":"20488",
      "driver_team":"SUZUKI",
      "driver_country_id":"USA",
      "driver_country":"Stati Uniti",
      "retiredstatus":"",
      "retirednote":"",
      "laps":"",
      "time":"45:23:912",
      "gap":"+29:034",
      "points":"8",
      "pit_stop":"0"
    },
    {
      "position":"9",
      "driver_nbr":"65",
      "driver_id":"510933",
      "driver_label":"Capirossi L.",
      "driver_name":"Loris",
      "driver_surname":"Capirossi",
      "driver_team_id":"20008",
      "driver_team":"Ducati",
      "driver_country_id":"ITA",
      "driver_country":"Italia",
      "retiredstatus":"",
      "retirednote":"",
      "laps":"",
      "time":"45:30:484",
      "gap":"+35:606",
      "points":"7",
      "pit_stop":"0"
    },
    {
      "position":"10",
      "driver_nbr":"7",
      "driver_id":"511191",
      "driver_label":"Checa C.",
      "driver_name":"Carlos",
      "driver_surname":"Checa",
      "driver_team_id":"20487",
      "driver_team":"Yamaha",
      "driver_country_id":"ESP",
      "driver_country":"Spagna",
      "retiredstatus":"",
      "retirednote":"",
      "laps":"",
      "time":"45:35:320",
      "gap":"+40:442",
      "points":"6",
      "pit_stop":"0"
    },
    {
      "position":"11",
      "driver_nbr":"6",
      "driver_id":"517718",
      "driver_label":"Tamada M.",
      "driver_name":"Makoto",
      "driver_surname":"Tamada",
      "driver_team_id":"20486",
      "driver_team":"HONDA",
      "driver_country_id":"JPN",
      "driver_country":"Giappone",
      "retiredstatus":"",
      "retirednote":"",
      "laps":"",
      "time":"45:35:940",
      "gap":"+41:062",
      "points":"5",
      "pit_stop":"0"
    },
    {
      "position":"12",
      "driver_nbr":"17",
      "driver_id":"512383",
      "driver_label":"De Puniet R.",
      "driver_name":"Randy",
      "driver_surname":"De Puniet",
      "driver_team_id":"20206",
      "driver_team":"Kawasaki",
      "driver_country_id":"FRA",
      "driver_country":"Francia",
      "retiredstatus":"",
      "retirednote":"",
      "laps":"",
      "time":"45:37:075",
      "gap":"+42:197",
      "points":"4",
      "pit_stop":"0"
    },
    {
      "position":"13",
      "driver_nbr":"66",
      "driver_id":"512286",
      "driver_label":"Hofmann A.",
      "driver_name":"Alex",
      "driver_surname":"Hofmann",
      "driver_team_id":"20008",
      "driver_team":"Ducati",
      "driver_country_id":"GER",
      "driver_country":"Germania",
      "retiredstatus":"",
      "retirednote":"",
      "laps":"",
      "time":"45:46:332",
      "gap":"+51:454",
      "points":"3",
      "pit_stop":"0"
    },
    {
      "position":"14",
      "driver_nbr":"77",
      "driver_id":"520309",
      "driver_label":"Ellison J.",
      "driver_name":"James",
      "driver_surname":"Ellison",
      "driver_team_id":"20487",
      "driver_team":"Yamaha",
      "driver_country_id":"GBR",
      "driver_country":"Gran Bretagna",
      "retiredstatus":"",
      "retirednote":"",
      "laps":"",
      "time":"46:12:682",
      "gap":"+1:17:804",
      "points":"2",
      "pit_stop":"0"
    },
    {
      "position":"15",
      "driver_nbr":"30",
      "driver_id":"511193",
      "driver_label":"Cardoso J.",
      "driver_name":"Jose' Luis",
      "driver_surname":"Cardoso",
      "driver_team_id":"20008",
      "driver_team":"Ducati",
      "driver_country_id":"ESP",
      "driver_country":"Spagna",
      "retiredstatus":"",
      "retirednote":"",
      "laps":"",
      "time":"",
      "gap":"1 giro",
      "points":"1",
      "pit_stop":"0"
    },
    {
      "position":"16",
      "driver_nbr":"71",
      "driver_id":"520098",
      "driver_label":"Vermeulen C.",
      "driver_name":"Chris",
      "driver_surname":"Vermeulen",
      "driver_team_id":"20488",
      "driver_team":"SUZUKI",
      "driver_country_id":"AUS",
      "driver_country":"Australia",
      "retiredstatus":"",
      "retirednote":"",
      "laps":"",
      "time":"",
      "gap":"1 giro",
      "points":"-",
      "pit_stop":"0"
    },
    {
      "position":"",
      "driver_nbr":"56",
      "driver_id":"512216",
      "driver_label":"Nakano S.",
      "driver_name":"Shinya",
      "driver_surname":"Nakano",
      "driver_team_id":"20206",
      "driver_team":"Kawasaki",
      "driver_country_id":"JPN",
      "driver_country":"Giappone",
      "retiredstatus":"RITIR",
      "retirednote":"Al giro 17",
      "laps":"17",
      "time":"",
      "gap":"",
      "points":"-",
      "pit_stop":"0"
    },
    {
      "position":"",
      "driver_nbr":"22",
      "driver_id":"517565",
      "driver_label":"Silva I.",
      "driver_name":"Ivan",
      "driver_surname":"Silva",
      "driver_team_id":"20008",
      "driver_team":"Ducati",
      "driver_country_id":"ESP",
      "driver_country":"Spagna",
      "retiredstatus":"RITIR",
      "retirednote":"Al giro 25",
      "laps":"25",
      "time":"",
      "gap":"",
      "points":"-",
      "pit_stop":"0"
    }
  ]
}
