{
  "competition_id":"41",
  "competition_name":"CAMPIONATO MOND.LE PISTA",
  "competition_short_name":"MOTOMONDIALE",
  "edition_id":"1014",
  "edition_name":"2006",
  "event_id":17183,
  "event_description":"GP Gran Bretagna",
  "date_start":"30-06-2006",
  "date_end":"02-07-2006",
  "items":[
    {
      "sequence":1,
      "event_type":"practice",
      "event_order":"1",
      "event_id":17592,
      "event_description":"Libere 1 GP Gran Bretagna",
      "date":"30-06-2006",
      "date_to_print":"30 Giu 2006",
      "time":"11:00",
      "time_local":"10:00",
      "specialty":"MOTOGP",
      "current":"no",
      "status":"ended",
      "status_description":"Disputata",
      "results_file":"17592.json"
    },
    {
      "sequence":2,
      "event_type":"practice",
      "event_order":"2",
      "event_id":17594,
      "event_description":"Libere 2 GP Gran Bretagna",
      "date":"30-06-2006",
      "date_to_print":"30 Giu 2006",
      "time":"15:00",
      "time_local":"14:00",
      "specialty":"MOTOGP",
      "current":"no",
      "status":"ended",
      "status_description":"Disputata",
      "results_file":"17594.json"
    },
    {
      "sequence":3,
      "event_type":"practice",
      "event_order":"3",
      "event_id":17596,
      "event_description":"Libere 3 GP Gran Bretagna",
      "date":"01-07-2006",
      "date_to_print":"01 Lug 2006",
      "time":"11:00",
      "time_local":"10:00",
      "specialty":"MOTOGP",
      "current":"no",
      "status":"ended",
      "status_description":"Disputata",
      "results_file":"17596.json"
    },
    {
      "sequence":4,
      "event_type":"grid",
      "event_order":"1",
      "event_id":17182,
      "event_description":"Griglia",
      "date":"01-07-2006",
      "date_to_print":"01 Lug 2006",
      "time":"15:00",
      "time_local":"14:00",
      "specialty":"MOTOGP",
      "current":"no",
      "status":"ended",
      "status_description":"Disputata",
      "results_file":"17182.json"
    },
    {
      "sequence":5,
      "event_type":"race",
      "event_order":"1",
      "event_id":17183,
      "event_description":"Gara",
      "date":"02-07-2006",
      "date_to_print":"02 Lug 2006",
      "time":"14:00",
      "time_local":"13:00",
      "specialty":"MOTOGP",
      "current":"yes",
      "status":"ended",
      "status_description":"Disputata",
      "results_file":"17183.json"
    }
  ]
}
