{
  "competition_id":"41",
  "competition_name":"CAMPIONATO MOND.LE PISTA",
  "competition_short_name":"MOTOMONDIALE",
  "edition_id":"1014",
  "edition_name":"2006",
  "event_id":17185,
  "event_description":"GP Germania",
  "date_start":"14-07-2006",
  "date_end":"16-07-2006",
  "items":[
    {
      "sequence":1,
      "event_type":"practice",
      "event_order":"1",
      "event_id":17615,
      "event_description":"Libere 1 GP Germania",
      "date":"14-07-2006",
      "date_to_print":"14 Lug 2006",
      "time":"10:00",
      "time_local":"10:00",
      "specialty":"MOTOGP",
      "current":"no",
      "status":"ended",
      "status_description":"Disputata",
      "results_file":"17615.json"
    },
    {
      "sequence":2,
      "event_type":"practice",
      "event_order":"2",
      "event_id":17617,
      "event_description":"Libere 2 GP Germania",
      "date":"14-07-2006",
      "date_to_print":"14 Lug 2006",
      "time":"14:00",
      "time_local":"14:00",
      "specialty":"MOTOGP",
      "current":"no",
      "status":"ended",
      "status_description":"Disputata",
      "results_file":"17617.json"
    },
    {
      "sequence":3,
      "event_type":"practice",
      "event_order":"3",
      "event_id":17620,
      "event_description":"Libere 3 GP Germania",
      "date":"15-07-2006",
      "date_to_print":"15 Lug 2006",
      "time":"10:00",
      "time_local":"10:00",
      "specialty":"MOTOGP",
      "current":"no",
      "status":"ended",
      "status_description":"Disputata",
      "results_file":"17620.json"
    },
    {
      "sequence":4,
      "event_type":"grid",
      "event_order":"1",
      "event_id":17184,
      "event_description":"Griglia",
      "date":"15-07-2006",
      "date_to_print":"15 Lug 2006",
      "time":"14:00",
      "time_local":"14:00",
      "specialty":"MOTOGP",
      "current":"no",
      "status":"ended",
      "status_description":"Disputata",
      "results_file":"17184.json"
    },
    {
      "sequence":5,
      "event_type":"race",
      "event_order":"1",
      "event_id":17185,
      "event_description":"Gara",
      "date":"16-07-2006",
      "date_to_print":"16 Lug 2006",
      "time":"12:30",
      "time_local":"12:30",
      "specialty":"MOTOGP",
      "current":"yes",
      "status":"ended",
      "status_description":"Disputata",
      "results_file":"17185.json"
    }
  ]
}
