{
  "competition_id":"41",
  "competition_name":"CAMPIONATO MOND.LE PISTA",
  "competition_short_name":"MOTOMONDIALE",
  "edition_id":"1033",
  "edition_name":"2007",
  "event_id":18555,
  "event_description":"GP Germania",
  "date_start":"13-07-2007",
  "date_end":"15-07-2007",
  "items":[
    {
      "sequence":1,
      "event_type":"practice",
      "event_order":"1",
      "event_id":19176,
      "event_description":"Libere 1 Gp Germania",
      "date":"13-07-2007",
      "date_to_print":"13 Lug 2007",
      "time":"10:05",
      "time_local":"10:05",
      "specialty":"MOTOGP",
      "current":"no",
      "status":"ended",
      "status_description":"Disputata",
      "results_file":"19176.json"
    },
    {
      "sequence":2,
      "event_type":"practice",
      "event_order":"2",
      "event_id":19178,
      "event_description":"Libere 2 Gp Germania",
      "date":"13-07-2007",
      "date_to_print":"13 Lug 2007",
      "time":"13:50",
      "time_local":"13:50",
      "specialty":"MOTOGP",
      "current":"no",
      "status":"ended",
      "status_description":"Disputata",
      "results_file":"19178.json"
    },
    {
      "sequence":3,
      "event_type":"practice",
      "event_order":"3",
      "event_id":19180,
      "event_description":"Libere 3 Gp Germania",
      "date":"14-07-2007",
      "date_to_print":"14 Lug 2007",
      "time":"10:05",
      "time_local":"10:05",
      "specialty":"MOTOGP",
      "current":"no",
      "status":"ended",
      "status_description":"Disputata",
      "results_file":"19180.json"
    },
    {
      "sequence":4,
      "event_type":"grid",
      "event_order":"1",
      "event_id":18558,
      "event_description":"Griglia",
      "date":"14-07-2007",
      "date_to_print":"14 Lug 2007",
      "time":"13:50",
      "time_local":"13:50",
      "specialty":"MOTOGP",
      "current":"no",
      "status":"ended",
      "status_description":"Disputata",
      "results_file":"18558.json"
    },
    {
      "sequence":5,
      "event_type":"race",
      "event_order":"1",
      "event_id":18555,
      "event_description":"Gara",
      "date":"15-07-2007",
      "date_to_print":"15 Lug 2007",
      "time":"14:00",
      "time_local":"14:00",
      "specialty":"MOTOGP",
      "current":"yes",
      "status":"ended",
      "status_description":"Disputata",
      "results_file":"18555.json"
    }
  ]
}
