{
  "id":"38",
  "name":"LE MANS",
  "city":"LE MANS",
  "country_id":"FRA",
  "country":"Francia",
  "length":"4180",
  "bends":"13 (4 a sinistra, 9 a destra)",
  "foundation_year":"1966",
  "records":[
    {
      "type":"stage-fastest-lap",
      "year":"2014",
      "id":"526966",
      "label":"Marquez M.",
      "name":"Marc",
      "surname":"Marquez",
      "team":"Honda",
      "country_id":"ESP",
      "country":"Spagna",
      "time":"1:32:042",
      "average_speed":"163,600",
      "description":"M. Marquez - Honda - 163,600 km/h - 2014"
    },
    {
      "type":"race-fastest-lap",
      "year":"2015",
      "id":"511282",
      "label":"Rossi V.",
      "name":"Valentino",
      "surname":"Rossi",
      "team":"Yamaha",
      "country_id":"ITA",
      "country":"Italia",
      "time":"1:32:879",
      "average_speed":"162,200",
      "description":"V. Rossi - Yamaha - 162,200 km/h - 2015"
    },
    {
      "type":"race-best-time",
      "year":"",
      "id":"",
      "label":"",
      "name":"",
      "surname":"",
      "team":"",
      "country_id":"",
      "country":"",
      "time":"",
      "average_speed":"",
      "description":"Non disponibile"
  }
  ]
}
