{
  "competition_id":"41",
  "competition_name":"CAMPIONATO MOND.LE PISTA",
  "competition_short_name":"MOTOMONDIALE",
  "edition_id":"808",
  "edition_name":"2002",
  "events":[
    {
      "sequence":1,
      "id":12511,
      "description":"GP Giappone",
      "country_id":"JPN",
      "country":"Giappone",
      "date_start":"07-04-2002",
      "date_start_to_print":"07 Apr 2002",
      "date_end":"07-04-2002",
      "date_end_to_print":"07 Apr 2002",
      "status":"ended",
      "current":"no"
    },
    {
      "sequence":2,
      "id":12502,
      "description":"GP Sudafrica",
      "country_id":"RSA",
      "country":"Sudafrica",
      "date_start":"21-04-2002",
      "date_start_to_print":"21 Apr 2002",
      "date_end":"21-04-2002",
      "date_end_to_print":"21 Apr 2002",
      "status":"ended",
      "current":"no"
    },
    {
      "sequence":3,
      "id":12493,
      "description":"GP Spagna",
      "country_id":"ESP",
      "country":"Spagna",
      "date_start":"05-05-2002",
      "date_start_to_print":"05 Mag 2002",
      "date_end":"05-05-2002",
      "date_end_to_print":"05 Mag 2002",
      "status":"ended",
      "current":"no"
    },
    {
      "sequence":4,
      "id":12484,
      "description":"GP Francia",
      "country_id":"FRA",
      "country":"Francia",
      "date_start":"19-05-2002",
      "date_start_to_print":"19 Mag 2002",
      "date_end":"19-05-2002",
      "date_end_to_print":"19 Mag 2002",
      "status":"ended",
      "current":"no"
    },
    {
      "sequence":5,
      "id":12475,
      "description":"GP Italia",
      "country_id":"ITA",
      "country":"Italia",
      "date_start":"02-06-2002",
      "date_start_to_print":"02 Giu 2002",
      "date_end":"02-06-2002",
      "date_end_to_print":"02 Giu 2002",
      "status":"ended",
      "current":"no"
    },
    {
      "sequence":6,
      "id":12466,
      "description":"GP Catalunya",
      "country_id":"ESP",
      "country":"Spagna",
      "date_start":"16-06-2002",
      "date_start_to_print":"16 Giu 2002",
      "date_end":"16-06-2002",
      "date_end_to_print":"16 Giu 2002",
      "status":"ended",
      "current":"no"
    },
    {
      "sequence":7,
      "id":12457,
      "description":"GP Olanda",
      "country_id":"NED",
      "country":"Olanda",
      "date_start":"29-06-2002",
      "date_start_to_print":"29 Giu 2002",
      "date_end":"29-06-2002",
      "date_end_to_print":"29 Giu 2002",
      "status":"ended",
      "current":"no"
    },
    {
      "sequence":8,
      "id":12448,
      "description":"GP Gran Bretagna",
      "country_id":"GBR",
      "country":"Gran Bretagna",
      "date_start":"14-07-2002",
      "date_start_to_print":"14 Lug 2002",
      "date_end":"14-07-2002",
      "date_end_to_print":"14 Lug 2002",
      "status":"ended",
      "current":"no"
    },
    {
      "sequence":9,
      "id":12439,
      "description":"GP Germania",
      "country_id":"GER",
      "country":"Germania",
      "date_start":"21-07-2002",
      "date_start_to_print":"21 Lug 2002",
      "date_end":"21-07-2002",
      "date_end_to_print":"21 Lug 2002",
      "status":"ended",
      "current":"no"
    },
    {
      "sequence":10,
      "id":12430,
      "description":"GP Repubblica Ceca",
      "country_id":"CZE",
      "country":"Rep. Ceca",
      "date_start":"25-08-2002",
      "date_start_to_print":"25 Ago 2002",
      "date_end":"25-08-2002",
      "date_end_to_print":"25 Ago 2002",
      "status":"ended",
      "current":"no"
    },
    {
      "sequence":11,
      "id":12421,
      "description":"GP Portogallo",
      "country_id":"POR",
      "country":"Portogallo",
      "date_start":"08-09-2002",
      "date_start_to_print":"08 Set 2002",
      "date_end":"08-09-2002",
      "date_end_to_print":"08 Set 2002",
      "status":"ended",
      "current":"no"
    },
    {
      "sequence":12,
      "id":12412,
      "description":"GP Brasile",
      "country_id":"BRA",
      "country":"Brasile",
      "date_start":"22-09-2002",
      "date_start_to_print":"22 Set 2002",
      "date_end":"22-09-2002",
      "date_end_to_print":"22 Set 2002",
      "status":"ended",
      "current":"no"
    },
    {
      "sequence":13,
      "id":12403,
      "description":"GP Pacifico",
      "country_id":"JPN",
      "country":"Giappone",
      "date_start":"06-10-2002",
      "date_start_to_print":"06 Ott 2002",
      "date_end":"06-10-2002",
      "date_end_to_print":"06 Ott 2002",
      "status":"ended",
      "current":"no"
    },
    {
      "sequence":14,
      "id":12394,
      "description":"GP Malesia",
      "country_id":"MAS",
      "country":"Malesia",
      "date_start":"13-10-2002",
      "date_start_to_print":"13 Ott 2002",
      "date_end":"13-10-2002",
      "date_end_to_print":"13 Ott 2002",
      "status":"ended",
      "current":"no"
    },
    {
      "sequence":15,
      "id":12385,
      "description":"GP Australia",
      "country_id":"AUS",
      "country":"Australia",
      "date_start":"20-10-2002",
      "date_start_to_print":"20 Ott 2002",
      "date_end":"20-10-2002",
      "date_end_to_print":"20 Ott 2002",
      "status":"ended",
      "current":"no"
    },
    {
      "sequence":16,
      "id":12376,
      "description":"GP Comunita' Valenciana",
      "country_id":"ESP",
      "country":"Spagna",
      "date_start":"03-11-2002",
      "date_start_to_print":"03 Nov 2002",
      "date_end":"03-11-2002",
      "date_end_to_print":"03 Nov 2002",
      "status":"ended",
      "current":"yes"
    }
  ]
}
