{
  "id":"78",
  "name":"CIRCUITO MARCO SIMONCELLI",
  "city":"MISANO ADRIATICO",
  "country_id":"ITA",
  "country":"Italia",
  "length":"4226",
  "bends":"14 (5 a sinistra, 9 a destra)",
  "foundation_year":"1969",
  "records":[
    {
      "type":"stage-fastest-lap",
      "year":"2015",
      "id":"518399",
      "label":"Lorenzo J.",
      "name":"Jorge",
      "surname":"Lorenzo",
      "team":"Yamaha",
      "country_id":"ESP",
      "country":"Spagna",
      "time":"1:32:146",
      "average_speed":"165,100",
      "description":"J. Lorenzo - Yamaha - 165,100 km/h - 2015"
    },
    {
      "type":"race-fastest-lap",
      "year":"2015",
      "id":"518399",
      "label":"Lorenzo J.",
      "name":"Jorge",
      "surname":"Lorenzo",
      "team":"Yamaha",
      "country_id":"ESP",
      "country":"Spagna",
      "time":"1:33:273",
      "average_speed":"163,100",
      "description":"J. Lorenzo - Yamaha - 163,100 km/h - 2015"
    },
    {
      "type":"race-best-time",
      "year":"",
      "id":"",
      "label":"",
      "name":"",
      "surname":"",
      "team":"",
      "country_id":"",
      "country":"",
      "time":"",
      "average_speed":"",
      "description":"Non disponibile"
  }
  ]
}
