{
  "competition_id":"41",
  "competition_name":"CAMPIONATO MOND.LE PISTA",
  "competition_short_name":"MOTOMONDIALE",
  "edition_id":"1033",
  "edition_name":"2007",
  "event_id":18537,
  "event_description":"GP San Marino",
  "date_start":"31-08-2007",
  "date_end":"02-09-2007",
  "items":[
    {
      "sequence":1,
      "event_type":"practice",
      "event_order":"1",
      "event_id":19395,
      "event_description":"Libere 1 Gp San Marino",
      "date":"31-08-2007",
      "date_to_print":"31 Ago 2007",
      "time":"10:00",
      "time_local":"10:00",
      "specialty":"MOTOGP",
      "current":"no",
      "status":"ended",
      "status_description":"Disputata",
      "results_file":"19395.json"
    },
    {
      "sequence":2,
      "event_type":"practice",
      "event_order":"2",
      "event_id":19397,
      "event_description":"Libere 2 Gp San Marino",
      "date":"01-09-2007",
      "date_to_print":"01 Set 2007",
      "time":"13:50",
      "time_local":"13:50",
      "specialty":"MOTOGP",
      "current":"no",
      "status":"ended",
      "status_description":"Disputata",
      "results_file":"19397.json"
    },
    {
      "sequence":3,
      "event_type":"grid",
      "event_order":"1",
      "event_id":18540,
      "event_description":"Griglia",
      "date":"01-09-2007",
      "date_to_print":"01 Set 2007",
      "time":"14:00",
      "time_local":"14:00",
      "specialty":"MOTOGP",
      "current":"no",
      "status":"ended",
      "status_description":"Disputata",
      "results_file":"18540.json"
    },
    {
      "sequence":4,
      "event_type":"race",
      "event_order":"1",
      "event_id":18537,
      "event_description":"Gara",
      "date":"02-09-2007",
      "date_to_print":"02 Set 2007",
      "time":"14:00",
      "time_local":"14:00",
      "specialty":"MOTOGP",
      "current":"yes",
      "status":"ended",
      "status_description":"Disputata",
      "results_file":"18537.json"
    }
  ]
}
