{
  "competition_id":"41",
  "competition_name":"CAMPIONATO MOND.LE PISTA",
  "competition_short_name":"MOTOMONDIALE",
  "edition_id":"1033",
  "edition_name":"2007",
  "event_id":18528,
  "event_description":"GP Comunita' Valenciana",
  "date_start":"02-11-2007",
  "date_end":"04-11-2007",
  "items":[
    {
      "sequence":1,
      "event_type":"practice",
      "event_order":"1",
      "event_id":19523,
      "event_description":"Libere 1 Comunita' Valenciana",
      "date":"02-11-2007",
      "date_to_print":"02 Nov 2007",
      "time":"10:00",
      "time_local":"10:00",
      "specialty":"MOTOGP",
      "current":"no",
      "status":"ended",
      "status_description":"Disputata",
      "results_file":"19523.json"
    },
    {
      "sequence":2,
      "event_type":"practice",
      "event_order":"2",
      "event_id":19525,
      "event_description":"Libere 2 Comunita' Valenciana",
      "date":"02-11-2007",
      "date_to_print":"02 Nov 2007",
      "time":"13:50",
      "time_local":"13:50",
      "specialty":"MOTOGP",
      "current":"no",
      "status":"ended",
      "status_description":"Disputata",
      "results_file":"19525.json"
    },
    {
      "sequence":3,
      "event_type":"practice",
      "event_order":"3",
      "event_id":19527,
      "event_description":"Libere 3 Comunita' Valenciana",
      "date":"03-11-2007",
      "date_to_print":"03 Nov 2007",
      "time":"10:00",
      "time_local":"10:00",
      "specialty":"MOTOGP",
      "current":"no",
      "status":"ended",
      "status_description":"Disputata",
      "results_file":"19527.json"
    },
    {
      "sequence":4,
      "event_type":"grid",
      "event_order":"1",
      "event_id":18655,
      "event_description":"Griglia",
      "date":"03-11-2007",
      "date_to_print":"03 Nov 2007",
      "time":"14:00",
      "time_local":"14:00",
      "specialty":"MOTOGP",
      "current":"no",
      "status":"ended",
      "status_description":"Disputata",
      "results_file":"18655.json"
    },
    {
      "sequence":5,
      "event_type":"race",
      "event_order":"1",
      "event_id":18528,
      "event_description":"Gara",
      "date":"04-11-2007",
      "date_to_print":"04 Nov 2007",
      "time":"14:00",
      "time_local":"14:00",
      "specialty":"MOTOGP",
      "current":"yes",
      "status":"ended",
      "status_description":"Disputata",
      "results_file":"18528.json"
    }
  ]
}
