{
  "id":"67",
  "name":"PHAKISA FREEWAY",
  "city":"WELKOM",
  "country_id":"RSA",
  "country":"Sudafrica",
  "length":"4242",
  "bends":"11 (3 a sinistra, 8 a destra)",
  "foundation_year":"1999",
  "records":[
    {
      "type":"stage-fastest-lap",
      "year":"2004",
      "id":"511282",
      "label":"Rossi V.",
      "name":"Valentino",
      "surname":"Rossi",
      "team":"Yamaha",
      "country_id":"ITA",
      "country":"Italia",
      "time":"1:32:647",
      "average_speed":"164,832",
      "description":"V. Rossi - Yamaha - 164.832 km/h - 2004"
    },
    {
      "type":"race-fastest-lap",
      "year":"2004",
      "id":"510919",
      "label":"Biaggi M.",
      "name":"Massimiliano",
      "surname":"Biaggi",
      "team":"Honda",
      "country_id":"ITA",
      "country":"Italia",
      "time":"1:33:208",
      "average_speed":"163,840",
      "description":"M. Biaggi - Honda - 163,840 km/h - 2004"
    },
    {
      "type":"race-best-time",
      "year":"",
      "id":"",
      "label":"",
      "name":"",
      "surname":"",
      "team":"",
      "country_id":"",
      "country":"",
      "time":"",
      "average_speed":"",
      "description":"Non disponibile"
  }
  ]
}
