{
  "competition_id":"41",
  "competition_name":"CAMPIONATO MOND.LE PISTA",
  "competition_short_name":"MOTOMONDIALE",
  "edition_id":"808",
  "edition_name":"2002",
  "event_id":12502,
  "event_description":"GP Sudafrica",
  "date_start":"19-04-2002",
  "date_end":"21-04-2002",
  "items":[
    {
      "sequence":1,
      "event_type":"practice",
      "event_order":"1",
      "event_id":12416,
      "event_description":"PROVE VENERDI' GP SUDAFRICA",
      "date":"19-04-2002",
      "date_to_print":"19 Apr 2002",
      "time":"00:00",
      "time_local":"00:00",
      "specialty":"MOTOGP",
      "current":"no",
      "status":"ended",
      "status_description":"Disputata",
      "results_file":"12416.json"
    },
    {
      "sequence":2,
      "event_type":"grid",
      "event_order":"1",
      "event_id":12514,
      "event_description":"Griglia",
      "date":"20-04-2002",
      "date_to_print":"20 Apr 2002",
      "time":"00:00",
      "time_local":"00:00",
      "specialty":"MOTOGP",
      "current":"no",
      "status":"ended",
      "status_description":"Disputata",
      "results_file":"12514.json"
    },
    {
      "sequence":3,
      "event_type":"race",
      "event_order":"1",
      "event_id":12502,
      "event_description":"Gara",
      "date":"21-04-2002",
      "date_to_print":"21 Apr 2002",
      "time":"14:00",
      "time_local":"14:00",
      "specialty":"MOTOGP",
      "current":"yes",
      "status":"ended",
      "status_description":"Disputata",
      "results_file":"12502.json"
    }
  ]
}
