{
  "competition_id":"41",
  "competition_name":"CAMPIONATO MOND.LE PISTA",
  "competition_short_name":"MOTOMONDIALE",
  "edition_id":"808",
  "edition_name":"2002",
  "event_type":"race",
  "event_id":12412,
  "event_description":"Gara",
  "date":"22-09-2002",
  "date_to_print":"22 Set 2002",
  "time":"18:00",
  "time_local":"14:00",
  "specialty":"MOTOGP",
  "status":"ended",
  "status_description":"Disputata",
  "standing":[
    {
      "position":"1",
      "driver_nbr":"46",
      "driver_id":"511282",
      "driver_label":"Rossi V.",
      "driver_name":"Valentino",
      "driver_surname":"Rossi",
      "driver_team_id":"20486",
      "driver_team":"HONDA",
      "driver_country_id":"ITA",
      "driver_country":"Italia",
      "retiredstatus":"",
      "retirednote":"",
      "laps":"",
      "time":"49:09:516",
      "gap":"",
      "points":"25",
      "pit_stop":"0"
    },
    {
      "position":"2",
      "driver_nbr":"3",
      "driver_id":"510919",
      "driver_label":"Biaggi M.",
      "driver_name":"Massimiliano",
      "driver_surname":"Biaggi",
      "driver_team_id":"20487",
      "driver_team":"Yamaha",
      "driver_country_id":"ITA",
      "driver_country":"Italia",
      "retiredstatus":"",
      "retirednote":"",
      "laps":"",
      "time":"49:11:190",
      "gap":"+1:674",
      "points":"20",
      "pit_stop":"0"
    },
    {
      "position":"3",
      "driver_nbr":"10",
      "driver_id":"511074",
      "driver_label":"Roberts Jr K.",
      "driver_name":"Kenny",
      "driver_surname":"Roberts Jr",
      "driver_team_id":"20488",
      "driver_team":"SUZUKI",
      "driver_country_id":"USA",
      "driver_country":"Stati Uniti",
      "retiredstatus":"",
      "retirednote":"",
      "laps":"",
      "time":"49:28:280",
      "gap":"+18:764",
      "points":"16",
      "pit_stop":"0"
    },
    {
      "position":"4",
      "driver_nbr":"4",
      "driver_id":"510914",
      "driver_label":"Barros A.",
      "driver_name":"Alex",
      "driver_surname":"Barros",
      "driver_team_id":"20486",
      "driver_team":"HONDA",
      "driver_country_id":"BRA",
      "driver_country":"Brasile",
      "retiredstatus":"",
      "retirednote":"",
      "laps":"",
      "time":"49:34:275",
      "gap":"+24:759",
      "points":"13",
      "pit_stop":"0"
    },
    {
      "position":"5",
      "driver_nbr":"65",
      "driver_id":"510933",
      "driver_label":"Capirossi L.",
      "driver_name":"Loris",
      "driver_surname":"Capirossi",
      "driver_team_id":"20486",
      "driver_team":"HONDA",
      "driver_country_id":"ITA",
      "driver_country":"Italia",
      "retiredstatus":"",
      "retirednote":"",
      "laps":"",
      "time":"49:41:870",
      "gap":"+32:354",
      "points":"11",
      "pit_stop":"0"
    },
    {
      "position":"6",
      "driver_nbr":"6",
      "driver_id":"511195",
      "driver_label":"Abe N.",
      "driver_name":"Norick",
      "driver_surname":"Abe",
      "driver_team_id":"20487",
      "driver_team":"Yamaha",
      "driver_country_id":"JPN",
      "driver_country":"Giappone",
      "retiredstatus":"",
      "retirednote":"",
      "laps":"",
      "time":"49:43:876",
      "gap":"+34:360",
      "points":"10",
      "pit_stop":"0"
    },
    {
      "position":"7",
      "driver_nbr":"19",
      "driver_id":"511227",
      "driver_label":"Jacque O.",
      "driver_name":"Olivier",
      "driver_surname":"Jacque",
      "driver_team_id":"20487",
      "driver_team":"Yamaha",
      "driver_country_id":"FRA",
      "driver_country":"Francia",
      "retiredstatus":"",
      "retirednote":"",
      "laps":"",
      "time":"49:53:766",
      "gap":"+44:250",
      "points":"9",
      "pit_stop":"0"
    },
    {
      "position":"8",
      "driver_nbr":"15",
      "driver_id":"511337",
      "driver_label":"Gibernau S.",
      "driver_name":"Sete",
      "driver_surname":"Gibernau",
      "driver_team_id":"20488",
      "driver_team":"SUZUKI",
      "driver_country_id":"ESP",
      "driver_country":"Spagna",
      "retiredstatus":"",
      "retirednote":"",
      "laps":"",
      "time":"50:06:666",
      "gap":"+57:150",
      "points":"8",
      "pit_stop":"0"
    },
    {
      "position":"9",
      "driver_nbr":"17",
      "driver_id":"514947",
      "driver_label":"Van Der Goorbergh J.",
      "driver_name":"Jurgen",
      "driver_surname":"Van Der Goorbergh",
      "driver_team_id":"20486",
      "driver_team":"HONDA",
      "driver_country_id":"NED",
      "driver_country":"Olanda",
      "retiredstatus":"",
      "retirednote":"",
      "laps":"",
      "time":"50:19:503",
      "gap":"+1:09:987",
      "points":"7",
      "pit_stop":"0"
    },
    {
      "position":"10",
      "driver_nbr":"8",
      "driver_id":"511018",
      "driver_label":"Mc Coy G.",
      "driver_name":"Garry",
      "driver_surname":"Mc Coy",
      "driver_team_id":"20487",
      "driver_team":"Yamaha",
      "driver_country_id":"AUS",
      "driver_country":"Australia",
      "retiredstatus":"",
      "retirednote":"",
      "laps":"",
      "time":"50:27:127",
      "gap":"+1:17:611",
      "points":"6",
      "pit_stop":"0"
    },
    {
      "position":"11",
      "driver_nbr":"30",
      "driver_id":"511193",
      "driver_label":"Cardoso J.",
      "driver_name":"Jose' Luis",
      "driver_surname":"Cardoso",
      "driver_team_id":"20487",
      "driver_team":"Yamaha",
      "driver_country_id":"ESP",
      "driver_country":"Spagna",
      "retiredstatus":"",
      "retirednote":"",
      "laps":"",
      "time":"50:30:353",
      "gap":"+1:20:837",
      "points":"5",
      "pit_stop":"0"
    },
    {
      "position":"12",
      "driver_nbr":"9",
      "driver_id":"511192",
      "driver_label":"Aoki N.",
      "driver_name":"Nobuatsu",
      "driver_surname":"Aoki",
      "driver_team_id":"20710",
      "driver_team":"Proton",
      "driver_country_id":"JPN",
      "driver_country":"Giappone",
      "retiredstatus":"",
      "retirednote":"",
      "laps":"",
      "time":"51:00:290",
      "gap":"+1:50:774",
      "points":"4",
      "pit_stop":"0"
    },
    {
      "position":"13",
      "driver_nbr":"31",
      "driver_id":"511017",
      "driver_label":"Harada T.",
      "driver_name":"Tetsuya",
      "driver_surname":"Harada",
      "driver_team_id":"20486",
      "driver_team":"HONDA",
      "driver_country_id":"JPN",
      "driver_country":"Giappone",
      "retiredstatus":"",
      "retirednote":"",
      "laps":"",
      "time":"",
      "gap":"1 giro",
      "points":"3",
      "pit_stop":"0"
    },
    {
      "position":"14",
      "driver_nbr":"21",
      "driver_id":"518403",
      "driver_label":"Hopkins J.",
      "driver_name":"John",
      "driver_surname":"Hopkins",
      "driver_team_id":"20487",
      "driver_team":"Yamaha",
      "driver_country_id":"USA",
      "driver_country":"Stati Uniti",
      "retiredstatus":"",
      "retirednote":"",
      "laps":"",
      "time":"",
      "gap":"1 giro",
      "points":"2",
      "pit_stop":"0"
    },
    {
      "position":"",
      "driver_nbr":"74",
      "driver_id":"512436",
      "driver_label":"Kato D.",
      "driver_name":"Daijiro",
      "driver_surname":"Kato",
      "driver_team_id":"20486",
      "driver_team":"HONDA",
      "driver_country_id":"JPN",
      "driver_country":"Giappone",
      "retiredstatus":"RITIR",
      "retirednote":"Al giro 1",
      "laps":"1",
      "time":"",
      "gap":"",
      "points":"-",
      "pit_stop":"0"
    },
    {
      "position":"",
      "driver_nbr":"11",
      "driver_id":"511225",
      "driver_label":"Ukawa T.",
      "driver_name":"Tohru",
      "driver_surname":"Ukawa",
      "driver_team_id":"20486",
      "driver_team":"HONDA",
      "driver_country_id":"JPN",
      "driver_country":"Giappone",
      "retiredstatus":"RITIR",
      "retirednote":"Al giro 2",
      "laps":"2",
      "time":"",
      "gap":"",
      "points":"-",
      "pit_stop":"0"
    },
    {
      "position":"",
      "driver_nbr":"56",
      "driver_id":"512216",
      "driver_label":"Nakano S.",
      "driver_name":"Shinya",
      "driver_surname":"Nakano",
      "driver_team_id":"20487",
      "driver_team":"Yamaha",
      "driver_country_id":"JPN",
      "driver_country":"Giappone",
      "retiredstatus":"RITIR",
      "retirednote":"Al giro 4",
      "laps":"4",
      "time":"",
      "gap":"",
      "points":"-",
      "pit_stop":"0"
    },
    {
      "position":"",
      "driver_nbr":"99",
      "driver_id":"511177",
      "driver_label":"Mc Williams J.",
      "driver_name":"Jeremy",
      "driver_surname":"Mc Williams",
      "driver_team_id":"20710",
      "driver_team":"Proton",
      "driver_country_id":"GBR",
      "driver_country":"Gran Bretagna",
      "retiredstatus":"RITIR",
      "retirednote":"Al giro 5",
      "laps":"5",
      "time":"",
      "gap":"",
      "points":"-",
      "pit_stop":"0"
    },
    {
      "position":"",
      "driver_nbr":"7",
      "driver_id":"511191",
      "driver_label":"Checa C.",
      "driver_name":"Carlos",
      "driver_surname":"Checa",
      "driver_team_id":"20487",
      "driver_team":"Yamaha",
      "driver_country_id":"ESP",
      "driver_country":"Spagna",
      "retiredstatus":"RITIR",
      "retirednote":"Al giro 17",
      "laps":"17",
      "time":"",
      "gap":"",
      "points":"-",
      "pit_stop":"0"
    },
    {
      "position":"",
      "driver_nbr":"55",
      "driver_id":"511312",
      "driver_label":"Laconi R.",
      "driver_name":"Regis",
      "driver_surname":"Laconi",
      "driver_team_id":"20489",
      "driver_team":"Aprilia",
      "driver_country_id":"FRA",
      "driver_country":"Francia",
      "retiredstatus":"RITIR",
      "retirednote":"Al giro 23",
      "laps":"23",
      "time":"",
      "gap":"",
      "points":"-",
      "pit_stop":"0"
    }
  ]
}
