{
  "competition_id":"41",
  "competition_name":"CAMPIONATO MOND.LE PISTA",
  "competition_short_name":"MOTOMONDIALE",
  "edition_id":"911",
  "edition_name":"2004",
  "events":[
    {
      "sequence":1,
      "id":14768,
      "description":"GP Sudafrica",
      "country_id":"RSA",
      "country":"Sudafrica",
      "date_start":"18-04-2004",
      "date_start_to_print":"18 Apr 2004",
      "date_end":"18-04-2004",
      "date_end_to_print":"18 Apr 2004",
      "status":"ended",
      "current":"no"
    },
    {
      "sequence":2,
      "id":14765,
      "description":"GP Spagna",
      "country_id":"ESP",
      "country":"Spagna",
      "date_start":"02-05-2004",
      "date_start_to_print":"02 Mag 2004",
      "date_end":"02-05-2004",
      "date_end_to_print":"02 Mag 2004",
      "status":"ended",
      "current":"no"
    },
    {
      "sequence":3,
      "id":14762,
      "description":"GP Francia",
      "country_id":"FRA",
      "country":"Francia",
      "date_start":"16-05-2004",
      "date_start_to_print":"16 Mag 2004",
      "date_end":"16-05-2004",
      "date_end_to_print":"16 Mag 2004",
      "status":"ended",
      "current":"no"
    },
    {
      "sequence":4,
      "id":14759,
      "description":"GP Italia",
      "country_id":"ITA",
      "country":"Italia",
      "date_start":"06-06-2004",
      "date_start_to_print":"06 Giu 2004",
      "date_end":"06-06-2004",
      "date_end_to_print":"06 Giu 2004",
      "status":"ended",
      "current":"no"
    },
    {
      "sequence":5,
      "id":14756,
      "description":"GP Catalunya",
      "country_id":"ESP",
      "country":"Spagna",
      "date_start":"13-06-2004",
      "date_start_to_print":"13 Giu 2004",
      "date_end":"13-06-2004",
      "date_end_to_print":"13 Giu 2004",
      "status":"ended",
      "current":"no"
    },
    {
      "sequence":6,
      "id":14753,
      "description":"GP Olanda",
      "country_id":"NED",
      "country":"Olanda",
      "date_start":"26-06-2004",
      "date_start_to_print":"26 Giu 2004",
      "date_end":"26-06-2004",
      "date_end_to_print":"26 Giu 2004",
      "status":"ended",
      "current":"no"
    },
    {
      "sequence":7,
      "id":14750,
      "description":"GP Brasile",
      "country_id":"BRA",
      "country":"Brasile",
      "date_start":"04-07-2004",
      "date_start_to_print":"04 Lug 2004",
      "date_end":"04-07-2004",
      "date_end_to_print":"04 Lug 2004",
      "status":"ended",
      "current":"no"
    },
    {
      "sequence":8,
      "id":14747,
      "description":"GP Germania",
      "country_id":"GER",
      "country":"Germania",
      "date_start":"18-07-2004",
      "date_start_to_print":"18 Lug 2004",
      "date_end":"18-07-2004",
      "date_end_to_print":"18 Lug 2004",
      "status":"ended",
      "current":"no"
    },
    {
      "sequence":9,
      "id":14744,
      "description":"GP Gran Bretagna",
      "country_id":"GBR",
      "country":"Gran Bretagna",
      "date_start":"25-07-2004",
      "date_start_to_print":"25 Lug 2004",
      "date_end":"25-07-2004",
      "date_end_to_print":"25 Lug 2004",
      "status":"ended",
      "current":"no"
    },
    {
      "sequence":10,
      "id":14741,
      "description":"GP Repubblica Ceca",
      "country_id":"CZE",
      "country":"Rep. Ceca",
      "date_start":"22-08-2004",
      "date_start_to_print":"22 Ago 2004",
      "date_end":"22-08-2004",
      "date_end_to_print":"22 Ago 2004",
      "status":"ended",
      "current":"no"
    },
    {
      "sequence":11,
      "id":14738,
      "description":"GP Portogallo",
      "country_id":"POR",
      "country":"Portogallo",
      "date_start":"05-09-2004",
      "date_start_to_print":"05 Set 2004",
      "date_end":"05-09-2004",
      "date_end_to_print":"05 Set 2004",
      "status":"ended",
      "current":"no"
    },
    {
      "sequence":12,
      "id":14735,
      "description":"GP Giappone",
      "country_id":"JPN",
      "country":"Giappone",
      "date_start":"19-09-2004",
      "date_start_to_print":"19 Set 2004",
      "date_end":"19-09-2004",
      "date_end_to_print":"19 Set 2004",
      "status":"ended",
      "current":"no"
    },
    {
      "sequence":13,
      "id":14732,
      "description":"GP Qatar",
      "country_id":"QAT",
      "country":"Qatar",
      "date_start":"02-10-2004",
      "date_start_to_print":"02 Ott 2004",
      "date_end":"02-10-2004",
      "date_end_to_print":"02 Ott 2004",
      "status":"ended",
      "current":"no"
    },
    {
      "sequence":14,
      "id":14729,
      "description":"GP Malesia",
      "country_id":"MAS",
      "country":"Malesia",
      "date_start":"10-10-2004",
      "date_start_to_print":"10 Ott 2004",
      "date_end":"10-10-2004",
      "date_end_to_print":"10 Ott 2004",
      "status":"ended",
      "current":"no"
    },
    {
      "sequence":15,
      "id":14726,
      "description":"GP Australia",
      "country_id":"AUS",
      "country":"Australia",
      "date_start":"17-10-2004",
      "date_start_to_print":"17 Ott 2004",
      "date_end":"17-10-2004",
      "date_end_to_print":"17 Ott 2004",
      "status":"ended",
      "current":"no"
    },
    {
      "sequence":16,
      "id":14723,
      "description":"GP Comunita' Valenciana",
      "country_id":"ESP",
      "country":"Spagna",
      "date_start":"31-10-2004",
      "date_start_to_print":"31 Ott 2004",
      "date_end":"31-10-2004",
      "date_end_to_print":"31 Ott 2004",
      "status":"ended",
      "current":"yes"
    }
  ]
}
