{
  "competition_id":"41",
  "competition_name":"CAMPIONATO MOND.LE PISTA",
  "competition_short_name":"MOTOMONDIALE",
  "edition_id":"932",
  "edition_name":"2005",
  "event_id":15664,
  "event_description":"GP Comunita' Valenciana",
  "date_start":"05-11-2005",
  "date_end":"06-11-2005",
  "items":[
    {
      "sequence":1,
      "event_type":"grid",
      "event_order":"1",
      "event_id":15663,
      "event_description":"Griglia",
      "date":"05-11-2005",
      "date_to_print":"05 Nov 2005",
      "time":"00:00",
      "time_local":"00:00",
      "specialty":"MOTOGP",
      "current":"no",
      "status":"ended",
      "status_description":"Disputata",
      "results_file":"15663.json"
    },
    {
      "sequence":2,
      "event_type":"race",
      "event_order":"1",
      "event_id":15664,
      "event_description":"Gara",
      "date":"06-11-2005",
      "date_to_print":"06 Nov 2005",
      "time":"13:00",
      "time_local":"13:00",
      "specialty":"MOTOGP",
      "current":"yes",
      "status":"ended",
      "status_description":"Disputata",
      "results_file":"15664.json"
    }
  ]
}
